seed,N,d,i,eps,eta_inner,M_inner,tol_inner,tol_F_inner,inner_step,time_sec,gibbs_calls,e_i_tr,F_i,log10_e_i_tr,log10_F_i,converged
0,4,3,0,1.0,1.0,80,0.0,0.0,0,0.0,1,0.6007286197599426,0.5274924521554517,-0.22132167701263722,-0.277783750268544,0
0,4,3,0,1.0,1.0,80,0.0,0.0,1,0.21642327308654785,2,0.017787113500901206,0.000604919122793892,-1.7498945236609704,-3.218302686293449,0
0,4,3,0,1.0,1.0,80,0.0,0.0,2,0.42986249923706055,3,0.0013314731382523637,6.309717505388135e-06,-2.8756675907920313,-5.199990084273689,0
0,4,3,0,1.0,1.0,80,0.0,0.0,3,0.61025071144104,4,0.00015468716564406675,8.509541434372674e-08,-3.8105457181117917,-7.070093842722398,0
0,4,3,0,1.0,1.0,80,0.0,0.0,4,0.8817317485809326,5,1.8208777457281702e-05,1.1798833304403248e-09,-4.739719211886569,-8.92816093460152,0
0,4,3,0,1.0,1.0,80,0.0,0.0,5,1.0219850540161133,6,2.1470875665341874e-06,1.6407778802655633e-11,-5.668150242994078,-10.784950207432084,0
0,4,3,0,1.0,1.0,80,0.0,0.0,6,1.0936224460601807,7,2.532339532927495e-07,2.284547031479895e-13,-6.596478065087957,-12.641199896788866,0
0,4,3,0,1.0,1.0,80,0.0,0.0,7,1.318044900894165,8,2.986811151575061e-08,3.2533823963274758e-15,-7.524792235856413,-14.487664887577473,0
0,4,3,0,1.0,1.0,80,0.0,0.0,8,1.5679924488067627,9,3.5228486434140385e-09,5.030002421437583e-16,-8.45310601555908,-15.29843180587514,0
0,4,3,0,1.0,1.0,80,0.0,0.0,9,1.8039500713348389,10,4.1550784232490044e-10,1.8342034641603142e-16,-9.381420774897228,-15.736552490661127,0
0,4,3,0,1.0,1.0,80,0.0,0.0,10,2.043771982192993,11,4.900764999144219e-11,1.6469597857881307e-16,-10.309736122221475,-15.78331700497325,0
0,4,3,0,1.0,1.0,80,0.0,0.0,11,2.2792270183563232,12,5.780309086258907e-12,1.4709347805416804e-16,-11.238048938245958,-15.83240658293446,0
0,4,3,0,1.0,1.0,80,0.0,0.0,12,2.5108182430267334,13,6.817912197450236e-13,3.3577745976994427e-17,-12.166348596009502,-16.473948460747376,0
0,4,3,0,1.0,1.0,80,0.0,0.0,13,2.7888870239257812,14,8.058845854159981e-14,8.805856715256274e-17,-13.093727151130436,-16.055228385453805,0
0,4,3,0,1.0,1.0,80,0.0,0.0,14,2.9953198432922363,15,9.673523132316722e-15,7.851786172102503e-16,-14.014415325476405,-15.105031536063937,0
0,4,3,0,1.0,1.0,80,0.0,0.0,15,3.1782214641571045,16,1.5919476917505729e-15,3.1291534470155027e-16,-14.798071206420776,-15.504573139455884,0
0,4,3,0,1.0,1.0,80,0.0,0.0,16,3.4091739654541016,17,4.868825744360909e-16,-6.310297152101685e-17,-15.31257576860809,nan,0
0,4,3,0,1.0,1.0,80,0.0,0.0,17,3.610593795776367,18,4.0080085777702396e-16,-4.3825427613098445e-17,-15.397071357681156,nan,0
0,4,3,0,1.0,1.0,80,0.0,0.0,18,3.827523708343506,19,7.77439073205046e-16,2.1352445450436072e-16,-15.109333636008706,-15.67055237896163,0
0,4,3,0,1.0,1.0,80,0.0,0.0,19,4.01099967956543,20,6.482579758041511e-16,1.2297025725567756e-16,-15.188252131208943,-15.910199918412122,0
0,4,3,0,1.0,1.0,80,0.0,0.0,20,4.143764495849609,21,8.044294110419551e-16,6.198192115284904e-17,-15.094512059383444,-16.207734966768072,0
0,4,3,0,1.0,1.0,80,0.0,0.0,21,4.329198837280273,22,6.242958192819903e-16,5.102100452410622e-16,-15.204609573396183,-15.292250995060185,0
0,4,3,0,1.0,1.0,80,0.0,0.0,22,4.610437870025635,23,4.737005704417784e-16,5.868394306982468e-18,-15.324496092283724,-17.231480712893955,0
0,4,3,0,1.0,1.0,80,0.0,0.0,23,4.90512228012085,24,7.304598780433266e-16,4.605421461958263e-16,-15.13640363355983,-15.336730619489451,0
0,4,3,0,1.0,1.0,80,0.0,0.0,24,5.058992147445679,25,1.0145447386031252e-15,9.336964630266548e-17,-14.993728797028801,-16.029794286358527,0
0,4,3,0,1.0,1.0,80,0.0,0.0,25,5.209810256958008,26,6.08290769472451e-16,5.041651617000185e-16,-15.215888773702448,-15.297427167791227,0
0,4,3,0,1.0,1.0,80,0.0,0.0,26,5.438323020935059,27,7.045354981489665e-16,2.1961477667463393e-16,-15.152097119997036,-15.658338441943473,0
0,4,3,0,1.0,1.0,80,0.0,0.0,27,5.709400177001953,28,4.690712327775857e-16,1.7961900526278794e-16,-15.328761200668373,-15.745647713080329,0
0,4,3,0,1.0,1.0,80,0.0,0.0,28,5.889798164367676,29,6.445758077556034e-16,3.3643246200096583e-16,-15.190725998475267,-15.473102106251904,0
0,4,3,0,1.0,1.0,80,0.0,0.0,29,6.051257371902466,30,1.0065692030159514e-15,6.677556052585121e-16,-14.997156361406432,-15.175382457746688,0
0,4,3,0,1.0,1.0,80,0.0,0.0,30,6.314759969711304,31,5.025811114613344e-16,1.5672285812606756e-16,-15.29879383755455,-15.804867656792153,0
0,4,3,0,1.0,1.0,80,0.0,0.0,31,6.619357347488403,32,8.583972822737013e-16,4.077330618402467e-17,-15.06631166603675,-16.389624071494573,0
0,4,3,0,1.0,1.0,80,0.0,0.0,32,6.859360933303833,33,7.463019596372066e-16,-6.722841199327012e-17,-15.1270854180091,nan,0
0,4,3,0,1.0,1.0,80,0.0,0.0,33,7.034235239028931,34,5.369433056469846e-16,2.6411015111705084e-16,-15.270071567828397,-15.57821490629252,0
0,4,3,0,1.0,1.0,80,0.0,0.0,34,7.163542985916138,35,5.255122524773477e-16,4.0666766854979374e-16,-15.279417153810298,-15.39076035409792,0
0,4,3,0,1.0,1.0,80,0.0,0.0,35,7.425020933151245,36,3.6869620380881574e-16,-1.845899907823809e-16,-15.433331333978833,nan,0
0,4,3,0,1.0,1.0,80,0.0,0.0,36,7.707634449005127,37,5.81205790688827e-16,4.871383611111508e-17,-15.235670067375262,-16.312347669313667,0
0,4,3,0,1.0,1.0,80,0.0,0.0,37,7.9396960735321045,38,8.143213998888796e-16,3.689727674429597e-17,-15.089204152052877,-16.433005686376692,0
0,4,3,0,1.0,1.0,80,0.0,0.0,38,8.140109300613403,39,5.639271439431416e-16,3.2447305725920116e-16,-15.248777000674979,-15.488821359170068,0
0,4,3,0,1.0,1.0,80,0.0,0.0,39,8.349052906036377,40,4.949228517199748e-16,-1.8883965872445845e-17,-15.305462493356417,nan,0
0,4,3,0,1.0,1.0,80,0.0,0.0,40,8.57349967956543,41,8.793465049537639e-16,2.865942382453448e-16,-15.055839958218305,-15.542732545004291,0
0,4,3,0,1.0,1.0,80,0.0,0.0,41,8.906222820281982,42,5.02223283797643e-16,-2.414121650037144e-16,-15.299103156636185,nan,0
0,4,3,0,1.0,1.0,80,0.0,0.0,42,9.101269245147705,43,6.765410768615652e-16,4.1981010414660395e-16,-15.16970582964621,-15.3769471128658,0
0,4,3,0,1.0,1.0,80,0.0,0.0,43,9.276146411895752,44,6.528646221648711e-16,6.060358502156642e-16,-15.185176864578043,-15.217501684265532,0
0,4,3,0,1.0,1.0,80,0.0,0.0,44,9.536606073379517,45,3.0298876709079225e-16,6.189245920608496e-16,-15.518573472094769,-15.208362260910123,0
0,4,3,0,1.0,1.0,80,0.0,0.0,45,9.724493265151978,46,5.16007901052121e-16,-3.432712417791371e-17,-15.287343648455993,nan,0
0,4,3,0,1.0,1.0,80,0.0,0.0,46,10.001019954681396,47,9.11831871347317e-16,1.499413749912271e-16,-15.040085231931858,-15.824078510907777,0
0,4,3,0,1.0,1.0,80,0.0,0.0,47,10.238539218902588,48,5.033321437050307e-16,-6.484848048197226e-17,-15.298145333882687,nan,0
0,4,3,0,1.0,1.0,80,0.0,0.0,48,10.371984004974365,49,5.162969842494816e-16,-1.3801091006655963e-16,-15.287100411709767,nan,0
0,4,3,0,1.0,1.0,80,0.0,0.0,49,10.622037649154663,50,3.6433491236793463e-16,2.373138084571823e-16,-15.438499210525144,-15.624676990976575,0
0,4,3,0,1.0,1.0,80,0.0,0.0,50,10.901700496673584,51,1.0236512241170427e-15,-5.582993380823294e-16,-14.989847989886501,nan,0
0,4,3,0,1.0,1.0,80,0.0,0.0,51,11.090604543685913,52,7.522956510143055e-16,2.8850754303904027e-16,-15.123611448809482,-15.539842827716543,0
0,4,3,0,1.0,1.0,80,0.0,0.0,52,11.358673334121704,53,3.1632560443142343e-16,-8.430071696401539e-17,-15.499865653442392,nan,0
0,4,3,0,1.0,1.0,80,0.0,0.0,53,11.646779298782349,54,4.75355666130436e-16,6.770680271977493e-17,-15.322981325032622,-16.16936769416217,0
0,4,3,0,1.0,1.0,80,0.0,0.0,54,11.904696702957153,55,4.773595141981768e-16,2.9715338768863265e-16,-15.321154417138901,-15.527019314215824,0
0,4,3,0,1.0,1.0,80,0.0,0.0,55,12.130264282226562,56,8.859136023474733e-16,4.253167917753409e-16,-15.052608630091873,-15.371287470727284,0
0,4,3,0,1.0,1.0,80,0.0,0.0,56,12.357804536819458,57,8.57013223997667e-16,9.202042621516473e-17,-15.067012476717519,-16.036115759525195,0
0,4,3,0,1.0,1.0,80,0.0,0.0,57,12.553511381149292,58,7.412310405676775e-16,-1.1685972466589703e-17,-15.130046402001566,nan,0
0,4,3,0,1.0,1.0,80,0.0,0.0,58,12.677858591079712,59,6.669297808456354e-16,2.7018990942931394e-16,-15.175919889316758,-15.568330874266609,0
0,4,3,0,1.0,1.0,80,0.0,0.0,59,12.855053424835205,60,9.464641801129984e-16,2.0262393904463948e-16,-15.0238958176998,-15.693309246138567,0
0,4,3,0,1.0,1.0,80,0.0,0.0,60,13.084150552749634,61,8.92749383219445e-16,1.4847172274954082e-16,-15.049270441179408,-15.828356252227055,0
0,4,3,0,1.0,1.0,80,0.0,0.0,61,13.336532354354858,62,7.107440702925359e-16,4.104312404396935e-16,-15.148286754922745,-15.386759589820697,0
0,4,3,0,1.0,1.0,80,0.0,0.0,62,13.537203550338745,63,4.4035897749779534e-16,3.7854905672992244e-16,-15.356193145368202,-15.421877831655141,0
0,4,3,0,1.0,1.0,80,0.0,0.0,63,13.734317064285278,64,4.949237847129225e-16,-8.864549838183585e-17,-15.305461674656481,nan,0
0,4,3,0,1.0,1.0,80,0.0,0.0,64,13.952790260314941,65,4.2929389419772097e-16,6.498149248092159e-16,-15.367245288401751,-15.187210318094376,0
0,4,3,0,1.0,1.0,80,0.0,0.0,65,14.254497289657593,66,6.74008706239725e-16,3.61507978677396e-16,-15.171334493601995,-15.441882113148628,0
0,4,3,0,1.0,1.0,80,0.0,0.0,66,14.519007205963135,67,8.575339946158628e-16,-3.1067384887499587e-16,-15.066748654513825,nan,0
0,4,3,0,1.0,1.0,80,0.0,0.0,67,14.840523719787598,68,5.557734871990476e-16,-1.2348983105184646e-16,-15.255102174791089,nan,0
0,4,3,0,1.0,1.0,80,0.0,0.0,68,15.060035467147827,69,3.5356120872419804e-16,-2.4970906281761684e-16,-15.45153539004238,nan,0
0,4,3,0,1.0,1.0,80,0.0,0.0,69,15.331503629684448,70,4.107295464403997e-16,2.316559590418125e-16,-15.38644405440353,-15.63515652366851,0
0,4,3,0,1.0,1.0,80,0.0,0.0,70,15.47779130935669,71,6.178170861389639e-16,3.7056908434381524e-16,-15.20914008516817,-15.431130815613288,0
0,4,3,0,1.0,1.0,80,0.0,0.0,71,15.702744007110596,72,5.726982243666451e-16,3.028470619622163e-16,-15.242074163401362,-15.518776635240853,0
0,4,3,0,1.0,1.0,80,0.0,0.0,72,15.933350801467896,73,4.562011207294918e-16,2.4321037705208827e-16,-15.340843652145656,-15.614017898970374,0
0,4,3,0,1.0,1.0,80,0.0,0.0,73,16.118698120117188,74,7.46770097392339e-16,9.542576654649527e-17,-15.126813080649988,-16.020334342716815,0
0,4,3,0,1.0,1.0,80,0.0,0.0,74,16.344882249832153,75,7.677916971631282e-16,2.547907435323864e-16,-15.114756588618372,-15.593816353832091,0
0,4,3,0,1.0,1.0,80,0.0,0.0,75,16.5578773021698,76,3.619120599138586e-16,4.336738602118469e-17,-15.44139694475371,-16.362836754258616,0
0,4,3,0,1.0,1.0,80,0.0,0.0,76,16.781861543655396,77,5.712189228444238e-16,1.3180652622287997e-16,-15.243197414063127,-15.880063085702442,0
0,4,3,0,1.0,1.0,80,0.0,0.0,77,16.97939968109131,78,7.825080360697596e-16,2.6483921352482983e-16,-15.106511193713997,-15.57701771048387,0
0,4,3,0,1.0,1.0,80,0.0,0.0,78,17.238606691360474,79,7.655171460030019e-16,4.3029560885850645e-16,-15.116045077557363,-15.36623308584459,0
0,4,3,0,1.0,1.0,80,0.0,0.0,79,17.471916913986206,80,4.437959640194559e-16,2.342003191612168e-16,-15.352816651657974,-15.630412517419673,0
0,4,3,0,1.0,1.0,80,0.0,0.0,80,17.655842781066895,81,5.204452219259952e-16,1.9624797453992984e-16,-15.28362497425564,-15.707194816879124,0
0,4,3,0,1.0,0.7,80,0.0,0.0,0,0.0010008811950683594,1,0.6007286197599426,0.5274924521554517,-0.22132167701263722,-0.277783750268544,0
0,4,3,0,1.0,0.7,80,0.0,0.0,1,0.18524575233459473,2,0.15139478144032392,0.028331746634756145,-0.8198890946558369,-1.5477266506665086,0
0,4,3,0,1.0,0.7,80,0.0,0.0,2,0.4070737361907959,3,0.04615951189822517,0.0026642213679073136,-1.335738792162294,-2.574429692840153,0
0,4,3,0,1.0,0.7,80,0.0,0.0,3,0.5722677707672119,4,0.015131742487657106,0.000317466649452325,-1.820111058149922,-3.4983018915360446,0
0,4,3,0,1.0,0.7,80,0.0,0.0,4,0.822232723236084,5,0.005108741343438725,4.168259773999544e-05,-2.291686085174645,-4.380045222794199,0
0,4,3,0,1.0,0.7,80,0.0,0.0,5,1.0194156169891357,6,0.0017519479444787957,5.726761410419475e-06,-2.7564788021413826,-5.242090910181015,0
0,4,3,0,1.0,0.7,80,0.0,0.0,6,1.2330574989318848,7,0.0006071846615960017,8.055298147931558e-07,-3.2166792079102624,-6.093918380557592,0
0,4,3,0,1.0,0.7,80,0.0,0.0,7,1.4541592597961426,8,0.00021225594711327277,1.1483282131285468e-07,-3.673140132592636,-6.9399339649186675,0
0,4,3,0,1.0,0.7,80,0.0,0.0,8,1.7098474502563477,9,7.477972231403924e-05,1.6505632626237574e-08,-4.126216151881778,-7.782367825419171,0
0,4,3,0,1.0,0.7,80,0.0,0.0,9,1.9234957695007324,10,2.654098581435757e-05,2.3853097273456437e-09,-4.576082950130797,-8.62245522075652,0
0,4,3,0,1.0,0.7,80,0.0,0.0,10,2.1381680965423584,11,9.78060081348663e-06,3.459863901547814e-10,-5.009634466074629,-9.460940984435341,0
0,4,3,0,1.0,0.7,80,0.0,0.0,11,2.3248496055603027,12,3.7394057585424662e-06,5.0314405472744146e-11,-5.427197407502911,-10.298307654673089,0
0,4,3,0,1.0,0.7,80,0.0,0.0,12,2.5425891876220703,13,1.4298620343622681e-06,7.330837586849697e-12,-5.844705865056448,-11.134846402089373,0
0,4,3,0,1.0,0.7,80,0.0,0.0,13,2.7378110885620117,14,5.467957859123623e-07,1.0697119219409473e-12,-6.26217484114529,-11.970733163956211,0
0,4,3,0,1.0,0.7,80,0.0,0.0,14,2.943488836288452,15,2.09115830260048e-07,1.570617710030604e-13,-6.679613089447476,-12.803929509821934,0
0,4,3,0,1.0,0.7,80,0.0,0.0,15,3.084861993789673,16,7.99785433739951e-08,2.3059406103913326e-14,-7.097026509809859,-13.637151882172052,0
0,4,3,0,1.0,0.7,80,0.0,0.0,16,3.2377164363861084,17,3.05900712501326e-08,3.612698874602768e-15,-7.514419511459146,-14.442168236203495,0
0,4,3,0,1.0,0.7,80,0.0,0.0,17,3.443753719329834,18,1.1700499575992027e-08,4.3643477328343374e-16,-7.9317955947953145,-15.360080653951085,0
0,4,3,0,1.0,0.7,80,0.0,0.0,18,3.6467862129211426,19,4.475508669903101e-09,-2.0558133052301344e-16,-8.349157597224606,nan,0
0,4,3,0,1.0,0.7,80,0.0,0.0,19,3.8836746215820312,20,1.7119539448804947e-09,-4.8420783186399276e-18,-8.766507922925982,nan,0
0,4,3,0,1.0,0.7,80,0.0,0.0,20,4.138696908950806,21,6.548647864027267e-10,-6.418123386158927e-17,-9.183848361964156,nan,0
0,4,3,0,1.0,0.7,80,0.0,0.0,21,4.390866041183472,22,2.5050684021961685e-10,8.707796705099516e-17,-9.601180410998028,-16.060091718685158,0
0,4,3,0,1.0,0.7,80,0.0,0.0,22,4.610028028488159,23,9.582844018280285e-11,-4.2566934014040915e-16,-10.018505580885613,nan,0
0,4,3,0,1.0,0.7,80,0.0,0.0,23,4.823408603668213,24,3.665878695896917e-11,1.1287083122108218e-16,-10.43582190996142,-15.94741827664401,0
0,4,3,0,1.0,0.7,80,0.0,0.0,24,5.0471885204315186,25,1.4024051294196257e-11,5.141488433183088e-16,-10.85312650844124,-15.288911136891542,0
0,4,3,0,1.0,0.7,80,0.0,0.0,25,5.243218898773193,26,5.3651149356787845e-12,-4.718425034298818e-16,-11.270420969803082,nan,0
0,4,3,0,1.0,0.7,80,0.0,0.0,26,5.438298940658569,27,2.0527244545474483e-12,5.821806170263204e-16,-11.68766934381058,-15.234942257946749,0
0,4,3,0,1.0,0.7,80,0.0,0.0,27,5.657143592834473,28,7.854882701686913e-13,2.3977649714872217e-18,-12.104860295969708,-17.620193388621885,0
0,4,3,0,1.0,0.7,80,0.0,0.0,28,5.845397710800171,29,3.009077322329778e-13,4.471546314818753e-16,-12.521566652329811,-15.349542266607752,0
0,4,3,0,1.0,0.7,80,0.0,0.0,29,5.995052099227905,30,1.1510602069359277e-13,-1.4806015208424176e-16,-12.938901959727113,nan,0
0,4,3,0,1.0,0.7,80,0.0,0.0,30,6.232258558273315,31,4.424690547723886e-14,1.0384082955018399e-16,-13.354117097421613,-15.98363185109428,0
0,4,3,0,1.0,0.7,80,0.0,0.0,31,6.440059423446655,32,1.7325678921940306e-14,2.451504755944102e-16,-13.76130973817213,-15.610567259881284,0
0,4,3,0,1.0,0.7,80,0.0,0.0,32,6.66655707359314,33,6.625343367339074e-15,3.1197407105224685e-16,-14.17879160891171,-15.505881499785643,0
0,4,3,0,1.0,0.7,80,0.0,0.0,33,6.88625693321228,34,2.452322587584996e-15,1.1087220498639625e-17,-14.610422401693107,-16.955177315293568,0
0,4,3,0,1.0,0.7,80,0.0,0.0,34,7.121360778808594,35,1.3165572243646616e-15,4.541350766814371e-16,-14.880560259470414,-15.342814952578516,0
0,4,3,0,1.0,0.7,80,0.0,0.0,35,7.311372756958008,36,9.42441602783181e-16,2.6465887807934916e-16,-15.025745550803608,-15.57731353286032,0
0,4,3,0,1.0,0.7,80,0.0,0.0,36,7.513749599456787,37,6.373995224681053e-16,-1.1658129260200719e-16,-15.195588266230256,nan,0
0,4,3,0,1.0,0.7,80,0.0,0.0,37,7.718745231628418,38,6.442336523263894e-16,1.0269943992729806e-16,-15.190956593024662,-15.988431924826745,0
0,4,3,0,1.0,0.7,80,0.0,0.0,38,7.7989866733551025,39,4.673851885886052e-16,-1.5918094406127212e-16,-15.330325054494413,nan,0
0,4,3,0,1.0,0.7,80,0.0,0.0,39,8.000598907470703,40,4.2216924001041287e-16,4.3174300668524695e-17,-15.374513413331549,-16.364774688346735,0
0,4,3,0,1.0,0.7,80,0.0,0.0,40,8.280208826065063,41,5.283540371645646e-16,3.114801289044585e-16,-15.277074969774436,-15.506569654245302,0
0,4,3,0,1.0,0.7,80,0.0,0.0,41,8.494684219360352,42,8.305504111455478e-16,5.516635248817238e-17,-15.080634002444487,-16.258325729956113,0
0,4,3,0,1.0,0.7,80,0.0,0.0,42,8.726239681243896,43,5.783069582554894e-16,-1.237864181506401e-16,-15.237841582184071,nan,0
0,4,3,0,1.0,0.7,80,0.0,0.0,43,8.943859100341797,44,6.498679207450868e-16,2.66697564075423e-16,-15.187174900465216,-15.573980950989665,0
0,4,3,0,1.0,0.7,80,0.0,0.0,44,9.155326128005981,45,6.565475395164382e-16,-5.174277458525948e-16,-15.182733821894127,nan,0
0,4,3,0,1.0,0.7,80,0.0,0.0,45,9.398210763931274,46,9.055522064113e-16,4.02595798075696e-16,-15.043086506915058,-15.395130762189693,0
0,4,3,0,1.0,0.7,80,0.0,0.0,46,9.557564496994019,47,7.14066210580708e-16,2.432555156117738e-16,-15.14626151713604,-15.613937303690236,0
0,4,3,0,1.0,0.7,80,0.0,0.0,47,9.759427785873413,48,5.001687614606419e-16,7.130580550616889e-17,-15.300883436053974,-16.146875109746272,0
0,4,3,0,1.0,0.7,80,0.0,0.0,48,9.905784845352173,49,4.522209590018532e-16,8.887118776644725e-17,-15.3446493133575,-16.05123901543242,0
0,4,3,0,1.0,0.7,80,0.0,0.0,49,10.118690252304077,50,4.684490370787236e-16,-3.258501411678099e-17,-15.329337649428021,nan,0
0,4,3,0,1.0,0.7,80,0.0,0.0,50,10.335939645767212,51,4.752437463506452e-16,2.6950030201684467e-16,-15.323083589230064,-15.569440743782714,0
0,4,3,0,1.0,0.7,80,0.0,0.0,51,10.563886404037476,52,5.112351000510682e-16,-2.0794107530123638e-16,-15.291379336314478,nan,0
0,4,3,0,1.0,0.7,80,0.0,0.0,52,10.790416955947876,53,3.366002197626875e-16,6.435283907990258e-16,-15.472885604813875,-15.191432288393834,0
0,4,3,0,1.0,0.7,80,0.0,0.0,53,11.023411512374878,54,4.90860267109015e-16,1.4964852282892433e-16,-15.30904212062711,-15.824927565695912,0
0,4,3,0,1.0,0.7,80,0.0,0.0,54,11.210370063781738,55,5.325657129152196e-16,9.920123378335056e-17,-15.273626797286955,-16.003482926414684,0
0,4,3,0,1.0,0.7,80,0.0,0.0,55,11.360688924789429,56,4.911665842881977e-16,2.1566584666550514e-16,-15.30877118737359,-15.666218625315212,0
0,4,3,0,1.0,0.7,80,0.0,0.0,56,11.536065578460693,57,6.873526524562623e-16,4.4091848525115325e-16,-15.16282038707395,-15.355641693248332,0
0,4,3,0,1.0,0.7,80,0.0,0.0,57,11.787103176116943,58,8.267632742388432e-16,5.59707455934223e-16,-15.082618823469112,-15.252038907762694,0
0,4,3,0,1.0,0.7,80,0.0,0.0,58,12.016586065292358,59,5.457104729227267e-16,-2.070334421730276e-16,-15.263037711437846,nan,0
0,4,3,0,1.0,0.7,80,0.0,0.0,59,12.127526760101318,60,5.530238234264256e-16,7.662585453981187e-17,-15.257256159545609,-16.11562466914752,0
0,4,3,0,1.0,0.7,80,0.0,0.0,60,12.308732986450195,61,6.349937188147692e-16,2.1785583875021054e-17,-15.19723057060972,-16.661830796054062,0
0,4,3,0,1.0,0.7,80,0.0,0.0,61,12.466665983200073,62,6.072718327104887e-16,4.85841885121915e-16,-15.21661686243433,-15.31350504677011,0
0,4,3,0,1.0,0.7,80,0.0,0.0,62,12.62809681892395,63,3.323226037351032e-16,-1.6373111971645203e-16,-15.478440118114712,nan,0
0,4,3,0,1.0,0.7,80,0.0,0.0,63,12.726625680923462,64,6.093107059850656e-16,5.895306120406865e-16,-15.215161190972216,-15.2294936387535,0
0,4,3,0,1.0,0.7,80,0.0,0.0,64,12.944648742675781,65,7.310043103318428e-16,3.993689905194392e-16,-15.136080062238014,-15.398625659468122,0
0,4,3,0,1.0,0.7,80,0.0,0.0,65,13.225944757461548,66,8.489409124392541e-16,1.7599223686654333e-16,-15.07112253625145,-15.754506488778922,0
0,4,3,0,1.0,0.7,80,0.0,0.0,66,13.372774839401245,67,5.593930635953914e-16,-4.350448193283731e-17,-15.252282923128815,nan,0
0,4,3,0,1.0,0.7,80,0.0,0.0,67,13.592600584030151,68,5.69762551815578e-16,1.9715684972394144e-16,-15.244306098575496,-15.705188129848006,0
0,4,3,0,1.0,0.7,80,0.0,0.0,68,13.916420698165894,69,6.028062972777896e-16,1.122168066695048e-16,-15.219822219431874,-15.949942094085113,0
0,4,3,0,1.0,0.7,80,0.0,0.0,69,14.126358985900879,70,4.279475485535477e-16,3.4097797752784594e-16,-15.368609457084219,-15.46727366953239,0
0,4,3,0,1.0,0.7,80,0.0,0.0,70,14.354812860488892,71,4.286757838792088e-16,1.785381172147005e-16,-15.367871049320438,-15.748269049418647,0
0,4,3,0,1.0,0.7,80,0.0,0.0,71,14.487940549850464,72,3.806903168290261e-16,-5.411179785873758e-17,-15.419428169682098,nan,0
0,4,3,0,1.0,0.7,80,0.0,0.0,72,14.69118046760559,73,6.299127417376219e-16,3.4400479294454106e-16,-15.200719606747171,-15.463435506455024,0
0,4,3,0,1.0,0.7,80,0.0,0.0,73,14.838005542755127,74,5.523866417690252e-16,-1.8478189096909987e-16,-15.257756832403592,nan,0
0,4,3,0,1.0,0.7,80,0.0,0.0,74,15.046974658966064,75,5.432545419555731e-16,3.3383645119349134e-16,-15.264996634012507,-15.47646624498481,0
0,4,3,0,1.0,0.7,80,0.0,0.0,75,15.273435354232788,76,5.196251574650773e-16,6.145489393048526e-17,-15.28430983087889,-16.21144352657127,0
0,4,3,0,1.0,0.7,80,0.0,0.0,76,15.389727592468262,77,5.560081962596214e-16,7.098364975085449e-16,-15.254918806324257,-15.148841674389578,0
0,4,3,0,1.0,0.7,80,0.0,0.0,77,15.543159246444702,78,4.5109619639025145e-16,5.804204361146019e-16,-15.345730834825787,-15.23625730482225,0
0,4,3,0,1.0,0.7,80,0.0,0.0,78,15.741561651229858,79,6.809952287418896e-16,-1.0486417106342203e-16,-15.166855930874775,nan,0
0,4,3,0,1.0,0.7,80,0.0,0.0,79,15.95758056640625,80,6.396805090607718e-16,5.475523818124711e-16,-15.19403688194824,-15.261574327549175,0
0,4,3,0,1.0,0.7,80,0.0,0.0,80,16.184532642364502,81,2.7863799637334944e-16,1.5488313484800015e-16,-15.55495966145797,-15.809995869788974,0
0,4,3,0,1.0,0.4,80,0.0,0.0,0,0.0010228157043457031,1,0.6007286197599426,0.5274924521554517,-0.22132167701263722,-0.277783750268544,0
0,4,3,0,1.0,0.4,80,0.0,0.0,1,0.175004243850708,2,0.3200866444399436,0.1360310656072159,-0.4947324463402184,-0.8663618998568181,0
0,4,3,0,1.0,0.4,80,0.0,0.0,2,0.3909902572631836,3,0.17857887218349722,0.03965781331816197,-0.7481699241534772,-1.4016712359208596,0
0,4,3,0,1.0,0.4,80,0.0,0.0,3,0.6530182361602783,4,0.10391325236170436,0.013017367759823602,-0.9833290620622498,-1.8854768255186507,0
0,4,3,0,1.0,0.4,80,0.0,0.0,4,0.8895330429077148,5,0.062067103715916255,0.004625217042710293,-1.2071385199528164,-2.334867882765002,0
0,4,3,0,1.0,0.4,80,0.0,0.0,5,0.9727401733398438,6,0.03766579988546949,0.0017284281669055386,-1.424052805288162,-2.762348664929673,0
0,4,3,0,1.0,0.4,80,0.0,0.0,6,1.169630765914917,7,0.023086091731968426,0.0006672355507288492,-1.6366495830162993,-3.1757208222713267,0
0,4,3,0,1.0,0.4,80,0.0,0.0,7,1.322009563446045,8,0.014241615897664392,0.0002631506227898763,-1.8464407315120377,-3.5797955978150995,0
0,4,3,0,1.0,0.4,80,0.0,0.0,8,1.4981541633605957,9,0.008823904708298571,0.00010529421427852561,-2.0543391906045345,-3.9775954918339167,0
0,4,3,0,1.0,0.4,80,0.0,0.0,9,1.772240161895752,10,0.005483897102890484,4.255378927806117e-05,-2.2609107026910795,-4.371061761330751,0
0,4,3,0,1.0,0.4,80,0.0,0.0,10,1.9055440425872803,11,0.0034157587177617702,1.7319463355581132e-05,-2.466512814577162,-4.761465568745955,0
0,4,3,0,1.0,0.4,80,0.0,0.0,11,2.094438076019287,12,0.0021312057453538097,7.085119136715349e-06,-2.6713746217270917,-5.149652842666619,0
0,4,3,0,1.0,0.4,80,0.0,0.0,12,2.22983980178833,13,0.001331544821082351,2.9094128623484167e-06,-2.8756442102080517,-5.53619464550544,0
0,4,3,0,1.0,0.4,80,0.0,0.0,13,2.4702532291412354,14,0.0008328796387281092,1.1981688108910447e-06,-3.0794177549113675,-5.9214819895647235,0
0,4,3,0,1.0,0.4,80,0.0,0.0,14,2.7282378673553467,15,0.000521485451660647,4.94553407021e-07,-3.2827578029644573,-6.305786801898783,0
0,4,3,0,1.0,0.4,80,0.0,0.0,15,2.9320762157440186,16,0.0003268097648336137,2.0450237241370194e-07,-3.48570497554844,-6.689301649416037,0
0,4,3,0,1.0,0.4,80,0.0,0.0,16,3.167328119277954,17,0.00020498139261964453,8.46903983935869e-08,-3.6882855606485574,-7.072165824156332,0
0,4,3,0,1.0,0.4,80,0.0,0.0,17,3.3396334648132324,18,0.00012867183987252305,3.511700135281552e-08,-3.8905164890407096,-7.45448257566814,0
0,4,3,0,1.0,0.4,80,0.0,0.0,18,3.533860206604004,19,8.08334995494499e-05,1.4577044769250745e-08,-4.092408618750436,-7.836330512403192,0
0,4,3,0,1.0,0.4,80,0.0,0.0,19,3.758930206298828,20,5.081958171012102e-05,6.056598643452109e-09,-4.293968913896706,-8.21777120505708,0
0,4,3,0,1.0,0.4,80,0.0,0.0,20,3.8693835735321045,21,3.197408351843064e-05,2.5185226642902847e-09,-4.49520189496792,-8.598854136554566,0
0,4,3,0,1.0,0.4,80,0.0,0.0,21,4.1289403438568115,22,2.0132114603350745e-05,1.0480442581831313e-09,-4.69611060601873,-8.979620377009867,0
0,4,3,0,1.0,0.4,80,0.0,0.0,22,4.335568189620972,23,1.2685358342645299e-05,4.3641088644176036e-10,-4.89669726009102,-9.360104424301355,0
0,4,3,0,1.0,0.4,80,0.0,0.0,23,4.562417268753052,24,7.999011675974394e-06,1.8182964339485432e-10,-5.096963669281318,-9.740335313009858,0
0,4,3,0,1.0,0.4,80,0.0,0.0,24,4.791812181472778,25,5.0476411189982114e-06,7.579876827274202e-11,-5.296911530463473,-10.120337851580317,0
0,4,3,0,1.0,0.4,80,0.0,0.0,25,4.993104934692383,26,3.187552794897813e-06,3.161263651360725e-11,-5.49654261335237,-10.500139282219202,0
0,4,3,0,1.0,0.4,80,0.0,0.0,26,5.20727276802063,27,2.014378684671393e-06,1.3190343632150378e-11,-5.695858882737887,-10.879743890154716,0
0,4,3,0,1.0,0.4,80,0.0,0.0,27,5.424159288406372,28,1.2739061200236207e-06,5.505994797697223e-12,-5.894862575970831,-11.259164203282765,0
0,4,3,0,1.0,0.4,80,0.0,0.0,28,5.620198488235474,29,8.062017769082142e-07,2.2987306625032326e-12,-6.093556248975597,-11.638511911132207,0
0,4,3,0,1.0,0.4,80,0.0,0.0,29,5.827144145965576,30,5.146185765370426e-07,9.605967611695033e-13,-6.288514540819189,-12.017458881999143,0
0,4,3,0,1.0,0.4,80,0.0,0.0,30,6.008183479309082,31,3.329819292286216e-07,4.0144323820522297e-13,-6.477579334809729,-12.396375852818554,0
0,4,3,0,1.0,0.4,80,0.0,0.0,31,6.22391939163208,32,2.1545724153403476e-07,1.6795680394081223e-13,-6.666638904660227,-12.774802398168864,0
0,4,3,0,1.0,0.4,80,0.0,0.0,32,6.436622381210327,33,1.394140044540398e-07,7.048927390695031e-14,-6.855693598177585,-13.151876962972045,0
0,4,3,0,1.0,0.4,80,0.0,0.0,33,6.6528160572052,34,9.021033113146901e-08,2.9483578851316213e-14,-7.044743723029439,-13.530419800967605,0
0,4,3,0,1.0,0.4,80,0.0,0.0,34,6.845903635025024,35,5.837278953122303e-08,1.2508019197422904e-14,-7.233789552037285,-13.902811460869428,0
0,4,3,0,1.0,0.4,80,0.0,0.0,35,6.985501527786255,36,3.7771885635600026e-08,5.4231885212691864e-15,-7.422831333925594,-14.265745298326141,0
0,4,3,0,1.0,0.4,80,0.0,0.0,36,7.184509515762329,37,2.44416596220526e-08,1.9274280573664764e-15,-7.611869308240102,-14.715021823327254,0
0,4,3,0,1.0,0.4,80,0.0,0.0,37,7.43518328666687,38,1.5815987699724743e-08,1.147336165292714e-15,-7.800903681450059,-14.940309316761693,0
0,4,3,0,1.0,0.4,80,0.0,0.0,38,7.637909173965454,39,1.0234469654958348e-08,4.360495742973219e-16,-7.989934657338816,-15.360464133162916,0
0,4,3,0,1.0,0.4,80,0.0,0.0,39,7.859011888504028,40,6.622738123989523e-09,3.4630802585840793e-16,-8.1789624174663,-15.460537443346212,0
0,4,3,0,1.0,0.4,80,0.0,0.0,40,8.087123155593872,41,4.2856119773458795e-09,1.532883937072937e-16,-8.36798715287564,-15.81449072668311,0
0,4,3,0,1.0,0.4,80,0.0,0.0,41,8.313591241836548,42,2.773262277981446e-09,3.475323958536421e-16,-8.557009055595726,-15.45900470565026,0
0,4,3,0,1.0,0.4,80,0.0,0.0,42,8.503528594970703,43,1.7946169160127546e-09,4.307811468250471e-16,-8.746028242917161,-15.365743311894521,0
0,4,3,0,1.0,0.4,80,0.0,0.0,43,8.730892896652222,44,1.161328872997874e-09,4.307100630591074e-16,-8.935044776383002,-15.365814981313818,0
0,4,3,0,1.0,0.4,80,0.0,0.0,44,8.94289255142212,45,7.51521049139902e-10,9.51037134657693e-17,-9.12405885087576,-16.021802525058316,0
0,4,3,0,1.0,0.4,80,0.0,0.0,45,9.158091306686401,46,4.863276598143391e-10,4.351025343868293e-16,-9.313071029294404,-15.361408387019834,0
0,4,3,0,1.0,0.4,80,0.0,0.0,46,9.341179847717285,47,3.147166755765302e-10,-4.897669851457403e-16,-9.50208024495141,nan,0
0,4,3,0,1.0,0.4,80,0.0,0.0,47,9.55076551437378,48,2.0366297379933314e-10,6.826879621535323e-16,-9.691087919140507,-15.165777755001534,0
0,4,3,0,1.0,0.4,80,0.0,0.0,48,9.690958976745605,49,1.31797363294414e-10,3.3124769812657174e-16,-9.880093278043532,-15.479847131000499,0
0,4,3,0,1.0,0.4,80,0.0,0.0,49,9.939343690872192,50,8.52907593433497e-11,2.437325413193486e-16,-10.06909801905034,-15.613086483240586,0
0,4,3,0,1.0,0.4,80,0.0,0.0,50,10.157528400421143,51,5.519508455751404e-11,7.955485403384438e-17,-10.258099596991832,-16.099333316761584,0
0,4,3,0,1.0,0.4,80,0.0,0.0,51,10.38271713256836,52,3.571919569590488e-11,7.444955748648628e-16,-10.447098328864202,-15.12813787926504,0
0,4,3,0,1.0,0.4,80,0.0,0.0,52,10.594089269638062,53,2.3115335875985867e-11,6.186833019441905e-16,-10.636099791690425,-15.208531605284927,0
0,4,3,0,1.0,0.4,80,0.0,0.0,53,10.768107414245605,54,1.495900070814523e-11,5.977330729630103e-16,-10.825097417262574,-15.223492713702942,0
0,4,3,0,1.0,0.4,80,0.0,0.0,54,11.045494794845581,55,9.680928305333758e-12,1.9968553764744472e-17,-11.01408299614678,-16.699653388045444,0
0,4,3,0,1.0,0.4,80,0.0,0.0,55,11.37347149848938,56,6.2651411936544725e-12,4.474376284668422e-16,-11.203069137130477,-15.349267495544849,0
0,4,3,0,1.0,0.4,80,0.0,0.0,56,11.578266382217407,57,4.054697789493348e-12,5.005862687608269e-16,-11.392041509701034,-15.300521067398972,0
0,4,3,0,1.0,0.4,80,0.0,0.0,57,11.805173397064209,58,2.624106697711156e-12,8.297008678539638e-16,-11.581018510270042,-15.08107845564328,0
0,4,3,0,1.0,0.4,80,0.0,0.0,58,12.014261722564697,59,1.6983476967623583e-12,4.032039703125585e-16,-11.769973393404742,-15.394475200083498,0
0,4,3,0,1.0,0.4,80,0.0,0.0,59,12.316407203674316,60,1.0991130063638893e-12,5.5020576943245e-17,-11.95895765287481,-16.25947485993045,0
0,4,3,0,1.0,0.4,80,0.0,0.0,60,12.66933274269104,61,7.114225539251987e-13,5.1397328590510365e-17,-12.147872370679627,-16.289059453155506,0
0,4,3,0,1.0,0.4,80,0.0,0.0,61,12.942783832550049,62,4.604876936603404e-13,-2.5417474170337304e-16,-12.336781971649156,nan,0
0,4,3,0,1.0,0.4,80,0.0,0.0,62,13.13267207145691,63,2.981010395208085e-13,1.5287119649086136e-16,-12.525636509517977,-15.815674335277523,0
0,4,3,0,1.0,0.4,80,0.0,0.0,63,13.359319686889648,64,1.9293521523975981e-13,6.676396169487152e-16,-12.714588496106852,-15.175457900704997,0
0,4,3,0,1.0,0.4,80,0.0,0.0,64,13.60042405128479,65,1.2502264218860685e-13,1.8028549355036912e-16,-12.903011327095296,-15.744039216841012,0
0,4,3,0,1.0,0.4,80,0.0,0.0,65,13.804323196411133,66,8.105442881943106e-14,1.8720278345881966e-16,-13.0912232502875,-15.727687698162983,0
0,4,3,0,1.0,0.4,80,0.0,0.0,66,13.998334646224976,67,5.243393462327163e-14,1.632793811956945e-16,-13.280387551764433,-15.787068654199658,0
0,4,3,0,1.0,0.4,80,0.0,0.0,67,14.172303915023804,68,3.420205007953902e-14,8.46352827750285e-16,-13.465947861442485,-15.072448550434906,0
0,4,3,0,1.0,0.4,80,0.0,0.0,68,14.382944822311401,69,2.2086115091115043e-14,1.4553896074379938e-16,-13.655880669047987,-15.837020730588435,0
0,4,3,0,1.0,0.4,80,0.0,0.0,69,14.674432277679443,70,1.435048894540986e-14,3.5471904306244535e-16,-13.84313330153097,-15.450115495838913,0
0,4,3,0,1.0,0.4,80,0.0,0.0,70,14.892215728759766,71,9.578073350928262e-15,-1.4859899850680017e-16,-14.01872184136092,nan,0
0,4,3,0,1.0,0.4,80,0.0,0.0,71,15.089266061782837,72,6.3259877826736e-15,-5.365745013444063e-16,-14.198871651168725,nan,0
0,4,3,0,1.0,0.4,80,0.0,0.0,72,15.292493104934692,73,4.239571106082429e-15,4.788061853575057e-16,-14.372678076351411,-15.31984024788701,0
0,4,3,0,1.0,0.4,80,0.0,0.0,73,15.540451765060425,74,2.716687201415058e-15,2.2301748512504696e-16,-14.56596036324562,-15.651661085850344,0
0,4,3,0,1.0,0.4,80,0.0,0.0,74,15.73311448097229,75,1.711569860012352e-15,9.03697106452178e-17,-14.766605369854364,-16.043977108284626,0
0,4,3,0,1.0,0.4,80,0.0,0.0,75,15.987256526947021,76,1.3789422411532573e-15,8.574961645278748e-17,-14.860453924450518,-16.066767813825255,0
0,4,3,0,1.0,0.4,80,0.0,0.0,76,16.189541816711426,77,8.405848537270209e-16,6.172867871284976e-16,-15.075418439695843,-15.209513018899724,0
0,4,3,0,1.0,0.4,80,0.0,0.0,77,16.34725046157837,78,7.512567460549249e-16,-1.771662298087679e-16,-15.124211615140586,nan,0
0,4,3,0,1.0,0.4,80,0.0,0.0,78,16.56233024597168,79,5.935177393783343e-16,6.692031811068192e-16,-15.226566296087672,-15.174442003253795,0
0,4,3,0,1.0,0.4,80,0.0,0.0,79,16.768794536590576,80,4.078094774947877e-16,4.901926443066349e-16,-15.389542685434142,-15.30963320993626,0
0,4,3,0,1.0,0.4,80,0.0,0.0,80,16.997961044311523,81,3.565234223915769e-16,-9.006741729319644e-17,-15.44791193318584,nan,0
0,4,3,0,0.5,1.0,80,0.0,0.0,0,0.0,1,0.5946829411710819,0.5246283302614485,-0.2257145193139481,-0.28014826093588857,0
0,4,3,0,0.5,1.0,80,0.0,0.0,1,0.19039130210876465,2,0.06082683521722339,0.006912480204688619,-1.2159047790237036,-2.1603660993771996,0
0,4,3,0,0.5,1.0,80,0.0,0.0,2,0.38428640365600586,3,0.011960277897084298,0.0004895015180297084,-1.9222587293970954,-3.3102459570357086,0
0,4,3,0,0.5,1.0,80,0.0,0.0,3,0.5914173126220703,4,0.0038994555847884204,5.32196735671198e-05,-2.408996021954605,-4.27392779360337,0
0,4,3,0,0.5,1.0,80,0.0,0.0,4,0.8036367893218994,5,0.0013571619510123743,6.514031338860325e-06,-2.8673683246067925,-5.186150156384998,0
0,4,3,0,0.5,1.0,80,0.0,0.0,5,1.0210835933685303,6,0.00048272010608890184,8.273246096402852e-07,-3.316304611722825,-6.082324056934542,0
0,4,3,0,0.5,1.0,80,0.0,0.0,6,1.2301816940307617,7,0.00017300179214717632,1.0641023016196244e-07,-3.7619493979371117,-6.97301661744215,0
0,4,3,0,0.5,1.0,80,0.0,0.0,7,1.4194741249084473,8,6.21688373924452e-05,1.3747730585539158e-08,-4.206427254214067,-7.8617689873262115,0
0,4,3,0,0.5,1.0,80,0.0,0.0,8,1.6060926914215088,9,2.236199690384297e-05,1.778989586015978e-09,-4.650489416993275,-8.749826594214577,0
0,4,3,0,0.5,1.0,80,0.0,0.0,9,1.7877380847930908,10,8.04630429707788e-06,2.3033779518674973e-10,-5.094403547200648,-9.63763479458331,0
0,4,3,0,0.5,1.0,80,0.0,0.0,10,2.0038273334503174,11,2.89557505479371e-06,2.982924486546852e-11,-5.538265173448516,-10.525357740768381,0
0,4,3,0,0.5,1.0,80,0.0,0.0,11,2.1470887660980225,12,1.0420574426774304e-06,3.863263773931794e-12,-5.982108340201344,-11.41304563830815,0
0,4,3,0,0.5,1.0,80,0.0,0.0,12,2.3769776821136475,13,3.7502038362822845e-07,5.003996582427526e-13,-6.425945126254482,-12.300682995588005,0
0,4,3,0,0.5,1.0,80,0.0,0.0,13,2.6758766174316406,14,1.349647085386446e-07,6.526573378104499e-14,-6.8697797788430535,-13.18531477486194,0
0,4,3,0,0.5,1.0,80,0.0,0.0,14,2.8269662857055664,15,4.857202742726982e-08,8.604343514903059e-15,-7.313613768421154,-14.06528225941326,0
0,4,3,0,0.5,1.0,80,0.0,0.0,15,3.0209994316101074,16,1.748044250951569e-08,5.338478552850574e-16,-7.757447577593585,-15.272582497699743,0
0,4,3,0,0.5,1.0,80,0.0,0.0,16,3.219722032546997,17,6.290984742019265e-09,5.839008312561463e-16,-8.201281368139565,-15.23366090647555,0
0,4,3,0,0.5,1.0,80,0.0,0.0,17,3.3644683361053467,18,2.264043797517144e-09,6.85953508515805e-17,-8.645115176054421,-16.163705318228033,0
0,4,3,0,0.5,1.0,80,0.0,0.0,18,3.5128815174102783,19,8.147999735167069e-10,2.9092974361496873e-16,-9.088948993787668,-15.536211875770777,0
0,4,3,0,0.5,1.0,80,0.0,0.0,19,3.7239909172058105,20,2.9323606952503804e-10,2.2376850027074767e-16,-9.532782610319366,-15.65020104882386,0
0,4,3,0,0.5,1.0,80,0.0,0.0,20,3.897324562072754,21,1.055318414977034e-10,4.229670393392079e-16,-9.976616483491128,-15.373693474683675,0
0,4,3,0,0.5,1.0,80,0.0,0.0,21,4.052228689193726,22,3.7979523232870914e-11,-1.7745129885839236e-17,-10.420450491379752,nan,0
0,4,3,0,0.5,1.0,80,0.0,0.0,22,4.246702432632446,23,1.366834391843308e-11,2.993549676864196e-16,-10.864284102159008,-15.523813530500094,0
0,4,3,0,0.5,1.0,80,0.0,0.0,23,4.331876993179321,24,4.919320039047223e-12,3.850789259548346e-16,-11.308094922374417,-15.414450248170207,0
0,4,3,0,0.5,1.0,80,0.0,0.0,24,4.5233588218688965,25,1.7706864415526139e-12,2.597366370418982e-16,-11.751858338166238,-15.58546678682469,0
0,4,3,0,0.5,1.0,80,0.0,0.0,25,4.61603045463562,26,6.374026928980759e-13,6.866910341287394e-17,-12.195586106051643,-16.163238622991457,0
0,4,3,0,0.5,1.0,80,0.0,0.0,26,4.820501804351807,27,2.297496900158587e-13,-2.373363022651769e-18,-12.638745065902647,nan,0
0,4,3,0,0.5,1.0,80,0.0,0.0,27,4.983894109725952,28,8.280227577281763e-14,1.4314893371662602e-16,-13.081957726717603,-15.844211882589711,0
0,4,3,0,0.5,1.0,80,0.0,0.0,28,5.126783609390259,29,3.024082201323117e-14,1.9398296646169487e-16,-13.519406407914273,-15.712236403556743,0
0,4,3,0,0.5,1.0,80,0.0,0.0,29,5.294169664382935,30,1.110428702268466e-14,5.087609831843852e-16,-13.954509321136598,-15.293486202071618,0
0,4,3,0,0.5,1.0,80,0.0,0.0,30,5.419995307922363,31,4.349171420396406e-15,7.680819719368421e-17,-14.36159347449951,-16.11459242832772,0
0,4,3,0,0.5,1.0,80,0.0,0.0,31,5.61426568031311,32,1.7215467805403351e-15,3.2169648451090695e-16,-14.764081171475434,-15.492553685028575,0
0,4,3,0,0.5,1.0,80,0.0,0.0,32,5.76723051071167,33,1.0262621955018487e-15,1.3346019544711652e-16,-14.988741668939312,-15.874648243477889,0
0,4,3,0,0.5,1.0,80,0.0,0.0,33,5.951695680618286,34,5.495109630776824e-16,-3.942424902323665e-17,-15.2600236387152,nan,0
0,4,3,0,0.5,1.0,80,0.0,0.0,34,6.1804039478302,35,9.224631730322697e-16,6.053419073019133e-17,-15.035050962912122,-16.21799925921157,0
0,4,3,0,0.5,1.0,80,0.0,0.0,35,6.44793701171875,36,6.455204377770988e-16,-1.593194597915716e-16,-15.190090003012893,nan,0
0,4,3,0,0.5,1.0,80,0.0,0.0,36,6.603288412094116,37,3.914821621107068e-16,-4.686873960637805e-16,-15.407288021788363,nan,0
0,4,3,0,0.5,1.0,80,0.0,0.0,37,6.673515796661377,38,5.354305437462905e-16,3.574208827631631e-16,-15.271296858023737,-15.44682007688952,0
0,4,3,0,0.5,1.0,80,0.0,0.0,38,6.778824806213379,39,4.680274796495354e-16,3.199062383076482e-16,-15.329728647118614,-15.49497729090629,0
0,4,3,0,0.5,1.0,80,0.0,0.0,39,6.8748393058776855,40,6.854478278698707e-16,3.09745689060826e-16,-15.164025595477678,-15.508994729278367,0
0,4,3,0,0.5,1.0,80,0.0,0.0,40,6.9842681884765625,41,7.14818438811795e-16,5.969222939360558e-16,-15.145804253353113,-15.224082200715293,0
0,4,3,0,0.5,1.0,80,0.0,0.0,41,7.126610994338989,42,7.412195414834383e-16,3.028324044146218e-16,-15.130053139479216,-15.518797655243652,0
0,4,3,0,0.5,1.0,80,0.0,0.0,42,7.314163684844971,43,5.392523525924155e-16,-3.8750915824788955e-17,-15.268207951527828,nan,0
0,4,3,0,0.5,1.0,80,0.0,0.0,43,7.48762059211731,44,2.5789846499678804e-16,2.6162076043134107e-16,-15.588551242760893,-15.582327796345346,0
0,4,3,0,0.5,1.0,80,0.0,0.0,44,7.628490209579468,45,6.056848281314746e-16,2.868227008994052e-16,-15.217753304892593,-15.542386478927565,0
0,4,3,0,0.5,1.0,80,0.0,0.0,45,7.777393579483032,46,3.7265105983029044e-16,3.466312621464779e-17,-15.428697639286025,-16.460132271496754,0
0,4,3,0,0.5,1.0,80,0.0,0.0,46,7.955830097198486,47,5.505611586993112e-16,-5.0632992070108524e-17,-15.25919443071525,nan,0
0,4,3,0,0.5,1.0,80,0.0,0.0,47,8.130268096923828,48,8.914843363329202e-16,1.383768139618145e-16,-15.049886283115594,-15.85893667297181,0
0,4,3,0,0.5,1.0,80,0.0,0.0,48,8.29823923110962,49,6.411922084535504e-16,-1.9372356156122633e-16,-15.193011763682502,nan,0
0,4,3,0,0.5,1.0,80,0.0,0.0,49,8.46098279953003,50,4.2412044439685593e-16,8.847731634128388e-17,-15.372510792207263,-16.053168058686836,0
0,4,3,0,0.5,1.0,80,0.0,0.0,50,8.623946905136108,51,6.024942945746809e-16,4.367286464614914e-16,-15.220047061361335,-15.359788320347677,0
0,4,3,0,0.5,1.0,80,0.0,0.0,51,8.780455589294434,52,5.239362117168868e-16,4.503960390767877e-16,-15.280721584363004,-15.346405437461014,0
0,4,3,0,0.5,1.0,80,0.0,0.0,52,8.948569059371948,53,1.894367443157854e-16,3.814011559711893e-16,-15.722535778733775,-15.418617995004885,0
0,4,3,0,0.5,1.0,80,0.0,0.0,53,9.089581489562988,54,6.419679745986905e-16,3.778725956028619e-17,-15.192486636731745,-16.42265460321401,0
0,4,3,0,0.5,1.0,80,0.0,0.0,54,9.247115850448608,55,4.985394233398615e-16,2.748053869551454e-16,-15.302300492995286,-15.560974758141006,0
0,4,3,0,0.5,1.0,80,0.0,0.0,55,9.429028272628784,56,6.272894626986848e-16,7.343776913302946e-17,-15.202532007744432,-16.13408052445293,0
0,4,3,0,0.5,1.0,80,0.0,0.0,56,9.571377754211426,57,5.006061503198922e-16,-1.0516653880053347e-16,-15.300503819063426,nan,0
0,4,3,0,0.5,1.0,80,0.0,0.0,57,9.746842622756958,58,5.834147862550381e-16,2.0176141302664565e-16,-15.234022568173499,-15.695161889199195,0
0,4,3,0,0.5,1.0,80,0.0,0.0,58,9.928899765014648,59,6.450715006232677e-16,4.300864782470355e-16,-15.190392144891659,-15.36644421128225,0
0,4,3,0,0.5,1.0,80,0.0,0.0,59,10.08838176727295,60,4.528407651298831e-16,5.331747621926162e-16,-15.344054484483058,-15.273130416084676,0
0,4,3,0,0.5,1.0,80,0.0,0.0,60,10.211228132247925,61,7.847915280749333e-16,-5.702840827155576e-17,-15.105245693867362,nan,0
0,4,3,0,0.5,1.0,80,0.0,0.0,61,10.354717254638672,62,6.894765472567584e-16,1.1122552137802754e-17,-15.161480501888716,-16.953795549786978,0
0,4,3,0,0.5,1.0,80,0.0,0.0,62,10.522249698638916,63,5.012933403418069e-16,-6.86969471888751e-17,-15.299908064930166,nan,0
0,4,3,0,0.5,1.0,80,0.0,0.0,63,10.794346570968628,64,6.901817404952952e-16,4.010197445860842e-16,-15.161036534622962,-15.396834243954176,0
0,4,3,0,0.5,1.0,80,0.0,0.0,64,10.971492767333984,65,5.9696776376998325e-16,3.334113674366189e-16,-15.224049120118213,-15.477019597276948,0
0,4,3,0,0.5,1.0,80,0.0,0.0,65,11.089435815811157,66,4.646222619750082e-16,4.202850653635e-16,-15.332899985191668,-15.37645604217505,0
0,4,3,0,0.5,1.0,80,0.0,0.0,66,11.296633958816528,67,7.439052968721013e-16,1.9106085829824417e-16,-15.12848234894838,-15.718828275614895,0
0,4,3,0,0.5,1.0,80,0.0,0.0,67,11.4567711353302,68,6.260462205475214e-16,1.5085129547851715e-16,-15.203393601952955,-15.82145095584527,0
0,4,3,0,0.5,1.0,80,0.0,0.0,68,11.580471992492676,69,9.143949869446927e-16,1.7675724045050608e-16,-15.038866163571026,-15.752622787300245,0
0,4,3,0,0.5,1.0,80,0.0,0.0,69,11.730944871902466,70,4.723878207223201e-16,1.608121992322278e-16,-15.325701308055297,-15.793681008707722,0
0,4,3,0,0.5,1.0,80,0.0,0.0,70,11.873504400253296,71,6.005640338235589e-16,6.083617653767437e-16,-15.2214406800952,-15.215838088517279,0
0,4,3,0,0.5,1.0,80,0.0,0.0,71,12.01796817779541,72,7.049384225777234e-16,-5.168992106081215e-16,-15.151848817622332,nan,0
0,4,3,0,0.5,1.0,80,0.0,0.0,72,12.260620355606079,73,7.325610889927783e-16,-5.68507721802156e-17,-15.135156153217906,nan,0
0,4,3,0,0.5,1.0,80,0.0,0.0,73,12.462290525436401,74,5.443924015283456e-16,4.89918294848884e-17,-15.26408794518314,-16.309876342532718,0
0,4,3,0,0.5,1.0,80,0.0,0.0,74,12.69091248512268,75,5.111169544009152e-16,-9.008536336387127e-17,-15.291479712704248,nan,0
0,4,3,0,0.5,1.0,80,0.0,0.0,75,12.924330472946167,76,5.604303909026345e-16,2.6373444384181373e-16,-15.25147832191688,-15.578833147439855,0
0,4,3,0,0.5,1.0,80,0.0,0.0,76,13.088638067245483,77,4.252379974159575e-16,3.8887591934860843e-16,-15.371367935750861,-15.410188949158572,0
0,4,3,0,0.5,1.0,80,0.0,0.0,77,13.256402015686035,78,7.179667151431618e-16,-1.8805194721505813e-16,-15.143895689134757,nan,0
0,4,3,0,0.5,1.0,80,0.0,0.0,78,13.350697994232178,79,5.028596730549373e-16,1.9019304400315038e-16,-15.298553191326686,-15.720805370712435,0
0,4,3,0,0.5,1.0,80,0.0,0.0,79,13.506787061691284,80,8.556279902688135e-16,1.7337151867309816e-16,-15.067715016736718,-15.761022246531452,0
0,4,3,0,0.5,1.0,80,0.0,0.0,80,13.672366380691528,81,7.16177313873016e-16,-1.0300382726351883e-16,-15.144979440118043,nan,0
0,4,3,0,0.5,0.7,80,0.0,0.0,0,0.0006468296051025391,1,0.5946829411710819,0.5246283302614485,-0.2257145193139481,-0.28014826093588857,0
0,4,3,0,0.5,0.7,80,0.0,0.0,1,0.1188199520111084,2,0.18558867041160587,0.04768745964296934,-0.7314485395821639,-1.3215958122364182,0
0,4,3,0,0.5,0.7,80,0.0,0.0,2,0.2753732204437256,3,0.06895380881165361,0.007497351760225174,-1.1614417396375472,-2.125092112477761,0
0,4,3,0,0.5,0.7,80,0.0,0.0,3,0.41530776023864746,4,0.028082240720023716,0.001589816361729732,-1.5515682422147044,-2.7986530377508507,0
0,4,3,0,0.5,0.7,80,0.0,0.0,4,0.5707170963287354,5,0.01214233204500214,0.00039641101465930344,-1.9156978950555232,-3.401854286731423,0
0,4,3,0,0.5,0.7,80,0.0,0.0,5,0.7192525863647461,6,0.005527372579061286,0.00010826793446371778,-2.257481260300294,-3.965500148614443,0
0,4,3,0,0.5,0.7,80,0.0,0.0,6,0.9115540981292725,7,0.002962326457388265,3.109782579912494e-05,-2.5283670826042113,-4.507269973559984,0
0,4,3,0,0.5,0.7,80,0.0,0.0,7,1.0650959014892578,8,0.001608849754905984,9.179393700832245e-06,-2.7934845113154747,-5.037186003012117,0
0,4,3,0,0.5,0.7,80,0.0,0.0,8,1.2222967147827148,9,0.0008800958574769955,2.749473168395006e-06,-3.0554700231838128,-5.5607505141617155,0
0,4,3,0,0.5,0.7,80,0.0,0.0,9,1.364210844039917,10,0.0004833533303951726,8.299973633994306e-07,-3.315735284690286,-6.080923287217778,0
0,4,3,0,0.5,0.7,80,0.0,0.0,10,1.5473551750183105,11,0.0002660424949716716,2.5160362763772346e-07,-3.575048987964076,-6.599283101495099,0
0,4,3,0,0.5,0.7,80,0.0,0.0,11,1.6987872123718262,12,0.0001466108294054343,7.64414602740345e-08,-3.8338339493584717,-7.116671025137463,0
0,4,3,0,0.5,0.7,80,0.0,0.0,12,1.8552918434143066,13,8.0849208831285e-05,2.3252193497709745e-08,-4.092324225626329,-7.633536071633508,0
0,4,3,0,0.5,0.7,80,0.0,0.0,13,2.00075101852417,14,4.460155995980116e-05,7.077521060048272e-09,-4.350649951375619,-8.15011882966344,0
0,4,3,0,0.5,0.7,80,0.0,0.0,14,2.129654884338379,15,2.461026441583822e-05,2.155020453094495e-09,-4.6088837201565,-8.666548603635999,0
0,4,3,0,0.5,0.7,80,0.0,0.0,15,2.319728136062622,16,1.3581066151776827e-05,6.563037801175992e-10,-4.8670661353825615,-9.182895094326824,0
0,4,3,0,0.5,0.7,80,0.0,0.0,16,2.446802854537964,17,7.49514506850831e-06,1.9989596849297674e-10,-5.125219956966076,-9.699195964655818,0
0,4,3,0,0.5,0.7,80,0.0,0.0,17,2.602235794067383,18,4.136585802066178e-06,6.088757934798704e-11,-5.383357963001683,-10.215471291452275,0
0,4,3,0,0.5,0.7,80,0.0,0.0,18,2.7457125186920166,19,2.2830355179294878e-06,1.854675209192519e-11,-5.641487331996056,-10.73173213305999,0
0,4,3,0,0.5,0.7,80,0.0,0.0,19,2.8886349201202393,20,1.2600503715391493e-06,5.649867318490471e-12,-5.8996120932600284,-11.247961751034374,0
0,4,3,0,0.5,0.7,80,0.0,0.0,20,3.037039279937744,21,6.954493409986025e-07,1.7212412590139866e-12,-6.15773450007317,-11.764158252208734,0
0,4,3,0,0.5,0.7,80,0.0,0.0,21,3.155404806137085,22,3.8383466745316856e-07,5.240142822674925e-13,-6.415855802910401,-12.280656875944839,0
0,4,3,0,0.5,0.7,80,0.0,0.0,22,3.314380168914795,23,2.1184748552706288e-07,1.5991960897454267e-13,-6.673976686386627,-12.79609828079843,0
0,4,3,0,0.5,0.7,80,0.0,0.0,23,3.4151501655578613,24,1.1692368359763178e-07,4.929889442761538e-14,-6.932097510959785,-13.3071628200609,0
0,4,3,0,0.5,0.7,80,0.0,0.0,24,3.544952392578125,25,6.453295254367163e-08,1.4905938680128706e-14,-7.190218464381638,-13.826640669697511,0
0,4,3,0,0.5,0.7,80,0.0,0.0,25,3.711024522781372,26,3.561724941648361e-08,4.6464635305668395e-15,-7.44833962247434,-14.332877467216418,0
0,4,3,0,0.5,0.7,80,0.0,0.0,26,3.865018844604492,27,1.9657984110158625e-08,1.5524503270169786e-15,-7.7064610203148005,-14.808982286834183,0
0,4,3,0,0.5,0.7,80,0.0,0.0,27,4.019442081451416,28,1.08496905695501e-08,6.157189348783039e-16,-7.964582647608374,-15.210617490574966,0
0,4,3,0,0.5,0.7,80,0.0,0.0,28,4.160420179367065,29,5.9881889691198814e-09,5.274123669583377e-16,-8.222704503093333,-15.277849690927123,0
0,4,3,0,0.5,0.7,80,0.0,0.0,29,4.3850085735321045,30,3.3050150617996015e-09,1.4918201768367425e-16,-8.480826556982713,-15.826283523320567,0
0,4,3,0,0.5,0.7,80,0.0,0.0,30,4.564961910247803,31,1.824110772916375e-09,-3.273060468889102e-16,-8.738948791772096,nan,0
0,4,3,0,0.5,0.7,80,0.0,0.0,31,4.71439003944397,32,1.006766920748786e-09,3.645297270104456e-16,-8.997071062464435,-15.438267049650051,0
0,4,3,0,0.5,0.7,80,0.0,0.0,32,4.819134950637817,33,5.556567294957662e-10,1.7998944499494823e-16,-9.255193421593056,-15.744752962201447,0
0,4,3,0,0.5,0.7,80,0.0,0.0,33,4.962420225143433,34,3.066789767030139e-10,1.7393064998874604e-16,-9.513315994525545,-15.759623880055518,0
0,4,3,0,0.5,0.7,80,0.0,0.0,34,5.107766628265381,35,1.6926295351860242e-10,2.919723041970992e-16,-9.771438085263897,-15.534658342746217,0
0,4,3,0,0.5,0.7,80,0.0,0.0,35,5.263655424118042,36,9.341991428429586e-11,-1.859339290753307e-16,-10.029560535526874,nan,0
0,4,3,0,0.5,0.7,80,0.0,0.0,36,5.4010114669799805,37,5.156020141594001e-11,-1.753036397120457e-16,-10.287685394777508,nan,0
0,4,3,0,0.5,0.7,80,0.0,0.0,37,5.542529106140137,38,2.8457427864295333e-11,4.880115601630776e-16,-10.545804356353804,-15.311569890178498,0
0,4,3,0,0.5,0.7,80,0.0,0.0,38,5.666418790817261,39,1.5706404956755833e-11,1.493321620558583e-16,-10.803923209365728,-15.82584664706977,0
0,4,3,0,0.5,0.7,80,0.0,0.0,39,5.814424514770508,40,8.668669902415628e-12,-6.952417160138333e-16,-11.062047534398745,nan,0
0,4,3,0,0.5,0.7,80,0.0,0.0,40,5.945327043533325,41,4.784486748435946e-12,1.7548406214682609e-16,-11.32016464394304,-15.755762320998729,0
0,4,3,0,0.5,0.7,80,0.0,0.0,41,6.087096691131592,42,2.6408415702863924e-12,3.062837107889138e-16,-11.578257652263062,-15.513876099839212,0
0,4,3,0,0.5,0.7,80,0.0,0.0,42,6.2492358684539795,43,1.4576328686739658e-12,2.3407607883296624e-16,-11.836351847202316,-15.630642966319025,0
0,4,3,0,0.5,0.7,80,0.0,0.0,43,6.359186410903931,44,8.045276976719558e-13,2.5665483502963973e-16,-12.094458999745154,-15.59065054980605,0
0,4,3,0,0.5,0.7,80,0.0,0.0,44,6.474001169204712,45,4.4401334283308024e-13,2.740086984204821e-16,-12.352603978913056,-15.562235650259705,0
0,4,3,0,0.5,0.7,80,0.0,0.0,45,6.634711503982544,46,2.4504401338753746e-13,1.766635029239762e-18,-12.610755903167744,-17.75285316252432,0
0,4,3,0,0.5,0.7,80,0.0,0.0,46,6.784671783447266,47,1.3553898566052795e-13,-4.497683270966224e-17,-12.86793576883384,nan,0
0,4,3,0,0.5,0.7,80,0.0,0.0,47,6.934051752090454,48,7.504370203042292e-14,-3.5532652846829563e-16,-13.124685749632633,nan,0
0,4,3,0,0.5,0.7,80,0.0,0.0,48,7.062401294708252,49,4.142776525933903e-14,1.854223184761457e-16,-13.382708493245609,-15.73183799291174,0
0,4,3,0,0.5,0.7,80,0.0,0.0,49,7.237288951873779,50,2.2948059846208236e-14,2.3243712562315437e-16,-13.63925402619224,-15.633694503796512,0
0,4,3,0,0.5,0.7,80,0.0,0.0,50,7.391898155212402,51,1.2822479603529153e-14,3.7624467224173594e-16,-13.89202798308551,-15.424529641118758,0
0,4,3,0,0.5,0.7,80,0.0,0.0,51,7.546597242355347,52,7.170649488645994e-15,6.751405070293258e-16,-14.144441505899804,-15.170605834461835,0
0,4,3,0,0.5,0.7,80,0.0,0.0,52,7.669999122619629,53,4.294027103830955e-15,5.182377494898452e-16,-14.367135218631239,-15.285470955306158,0
0,4,3,0,0.5,0.7,80,0.0,0.0,53,7.783954858779907,54,2.122370892827386e-15,4.018765992346487e-16,-14.673178719099575,-15.395907281489336,0
0,4,3,0,0.5,0.7,80,0.0,0.0,54,7.916264295578003,55,1.301399285330886e-15,-7.61173806097893e-19,-14.885589436096813,nan,0
0,4,3,0,0.5,0.7,80,0.0,0.0,55,8.059623003005981,56,8.901047518513457e-16,7.101747283524597e-16,-15.05055888046298,-15.148634786177395,0
0,4,3,0,0.5,0.7,80,0.0,0.0,56,8.215645551681519,57,7.94043221804257e-16,-6.321501945488033e-17,-15.100155857169629,nan,0
0,4,3,0,0.5,0.7,80,0.0,0.0,57,8.39715027809143,58,5.886281843435651e-16,1.5900084732886505e-16,-15.230158947109258,-15.798600561281624,0
0,4,3,0,0.5,0.7,80,0.0,0.0,58,8.529585361480713,59,5.631497665151332e-16,1.2067519118269907e-16,-15.249376091611444,-15.918382004466798,0
0,4,3,0,0.5,0.7,80,0.0,0.0,59,8.66592526435852,60,5.563262378146831e-16,1.9068976243715682e-16,-15.254670457101376,-15.719672622299553,0
0,4,3,0,0.5,0.7,80,0.0,0.0,60,8.78677749633789,61,6.72732950804334e-16,4.883799343603542e-17,-15.172157299830166,-16.311242187838523,0
0,4,3,0,0.5,0.7,80,0.0,0.0,61,8.966856718063354,62,4.574428651811082e-16,1.600746456035206e-16,-15.339663141785737,-15.795677451006876,0
0,4,3,0,0.5,0.7,80,0.0,0.0,62,9.107794046401978,63,3.195860172002981e-16,6.926468321411449e-16,-15.495412230564549,-15.159488147708782,0
0,4,3,0,0.5,0.7,80,0.0,0.0,63,9.289249658584595,64,4.704678946457581e-16,-2.2781345768829263e-17,-15.327470008058034,nan,0
0,4,3,0,0.5,0.7,80,0.0,0.0,64,9.433178186416626,65,3.6563994467911773e-16,5.404003831678339e-16,-15.436946365437928,-15.267284351715853,0
0,4,3,0,0.5,0.7,80,0.0,0.0,65,9.598201751708984,66,7.883647174630935e-16,-1.3025112756124163e-16,-15.103272820407263,nan,0
0,4,3,0,0.5,0.7,80,0.0,0.0,66,9.766698598861694,67,4.68409927007816e-16,3.9557087995114193e-16,-15.329373909502682,-15.402775686594612,0
0,4,3,0,0.5,0.7,80,0.0,0.0,67,9.930721521377563,68,4.3366031143814774e-16,4.3282888046638845e-16,-15.362850322633635,-15.363683768676152,0
0,4,3,0,0.5,0.7,80,0.0,0.0,68,10.0720956325531,69,6.378077571578226e-16,4.338895015407783e-16,-15.195310203076204,-15.36262085800185,0
0,4,3,0,0.5,0.7,80,0.0,0.0,69,10.2184739112854,70,3.830033959528206e-16,4.556943591069208e-16,-15.416797375281945,-15.3413263473752,0
0,4,3,0,0.5,0.7,80,0.0,0.0,70,10.37196397781372,71,3.953284939147277e-16,2.892748534254277e-16,-15.403041882080103,-15.53868931779772,0
0,4,3,0,0.5,0.7,80,0.0,0.0,71,10.511725425720215,72,5.082175561087838e-16,5.318300631002093e-16,-15.29395033655154,-15.274227116666912,0
0,4,3,0,0.5,0.7,80,0.0,0.0,72,10.66482663154602,73,4.310898282637106e-16,1.287374487818589e-16,-15.365432224376589,-15.890295101630377,0
0,4,3,0,0.5,0.7,80,0.0,0.0,73,10.814229011535645,74,3.378458148563625e-16,2.0884354975939455e-16,-15.471281456629624,-15.680178933600494,0
0,4,3,0,0.5,0.7,80,0.0,0.0,74,10.992093563079834,75,4.358373288688702e-16,3.7757094782848017e-16,-15.360675575770601,-15.423001429848494,0
0,4,3,0,0.5,0.7,80,0.0,0.0,75,11.101987361907959,76,3.1184935455223303e-16,3.6519541034420164e-16,-15.506055150489532,-15.437474689173643,0
0,4,3,0,0.5,0.7,80,0.0,0.0,76,11.243939876556396,77,6.228823012188086e-16,1.397300238149976e-16,-15.205594009135828,-15.854710266926523,0
0,4,3,0,0.5,0.7,80,0.0,0.0,77,11.361794233322144,78,5.19195209033525e-16,6.293224235098598e-16,-15.284669323719056,-15.201126793545539,0
0,4,3,0,0.5,0.7,80,0.0,0.0,78,11.503618955612183,79,6.692089887940493e-16,5.85675445700974e-16,-15.17443823424067,-15.232342983279722,0
0,4,3,0,0.5,0.7,80,0.0,0.0,79,11.656022787094116,80,8.079006693391082e-16,2.6632098689058797e-16,-15.092642032059246,-15.574594608507958,0
0,4,3,0,0.5,0.7,80,0.0,0.0,80,11.799845218658447,81,6.889968206096933e-16,7.405962107533567e-16,-15.161782782148762,-15.130418514340475,0
0,4,3,0,0.5,0.4,80,0.0,0.0,0,0.0015180110931396484,1,0.5946829411710819,0.5246283302614485,-0.2257145193139481,-0.28014826093588857,0
0,4,3,0,0.5,0.4,80,0.0,0.0,1,0.1355457305908203,2,0.33989635073057334,0.16214913781211537,-0.46865349815916685,-0.790085356238225,0
0,4,3,0,0.5,0.4,80,0.0,0.0,2,0.27332162857055664,3,0.2030809459827236,0.05640906475239761,-0.6923308222512814,-1.248651100704318,0
0,4,3,0,0.5,0.4,80,0.0,0.0,3,0.40039634704589844,4,0.126146110803821,0.022094348883982585,-0.8991261346230366,-1.6557187924841308,0
0,4,3,0,0.5,0.4,80,0.0,0.0,4,0.5400452613830566,5,0.08051510761562858,0.009445422178750076,-1.0941226222593865,-2.024778625798907,0
0,4,3,0,0.5,0.4,80,0.0,0.0,5,0.7079563140869141,6,0.05237855038844121,0.004300394508116891,-1.280846525135921,-2.366491701434562,0
0,4,3,0,0.5,0.4,80,0.0,0.0,6,0.8508281707763672,7,0.034561895469815286,0.002050871761201223,-1.461402447630994,-2.688061494748095,0
0,4,3,0,0.5,0.4,80,0.0,0.0,7,0.9636268615722656,8,0.023065243169788877,0.0010129062185096158,-1.6370419623979742,-2.9944307626053552,0
0,4,3,0,0.5,0.4,80,0.0,0.0,8,1.090407133102417,9,0.015540647124036,0.0005138558736487052,-1.8085309008152555,-3.2891586748886317,0
0,4,3,0,0.5,0.4,80,0.0,0.0,9,1.2143311500549316,10,0.010559443093587847,0.0002661229112879632,-1.9763589859461008,-3.574917734176154,0
0,4,3,0,0.5,0.4,80,0.0,0.0,10,1.3506076335906982,11,0.007230041814548459,0.0001400341606152978,-2.1408591909799997,-3.8537660074859015,0
0,4,3,0,0.5,0.4,80,0.0,0.0,11,1.525190830230713,12,0.004985666545175128,7.459244961540963e-05,-2.3022767716471657,-4.127305130386795,0
0,4,3,0,0.5,0.4,80,0.0,0.0,12,1.6481385231018066,13,0.003460910944699782,4.010672939661216e-05,-2.460809575719761,-4.396782752202284,0
0,4,3,0,0.5,0.4,80,0.0,0.0,13,1.8162574768066406,14,0.002461851521404359,2.1718661351918973e-05,-2.608738143678985,-4.663166946366385,0
0,4,3,0,0.5,0.4,80,0.0,0.0,14,2.0125837326049805,15,0.0018182780056405624,1.1824846772094189e-05,-2.7403397145765522,-4.9272044781981945,0
0,4,3,0,0.5,0.4,80,0.0,0.0,15,2.1068379878997803,16,0.0013453969916286208,6.464457652903283e-06,-2.8711495477551567,-5.189467905158152,0
0,4,3,0,0.5,0.4,80,0.0,0.0,16,2.251723289489746,17,0.0009968490993931423,3.544918052890509e-06,-3.001370579161676,-5.450393799857165,0
0,4,3,0,0.5,0.4,80,0.0,0.0,17,2.3952159881591797,18,0.0007393453970977327,1.9484376022189357e-06,-3.13115262654462,-5.710313497721386,0
0,4,3,0,0.5,0.4,80,0.0,0.0,18,2.490541934967041,19,0.0005487737630920389,1.0728091837564242e-06,-3.260606660451327,-5.969477517373398,0
0,4,3,0,0.5,0.4,80,0.0,0.0,19,2.613051414489746,20,0.00040755375581122714,5.91459876227114e-07,-3.389815100267625,-6.228074711939188,0
0,4,3,0,0.5,0.4,80,0.0,0.0,20,2.696772336959839,21,0.0003028033670930382,3.2640204937375676e-07,-3.5188392999057947,-6.486247123113888,0
0,4,3,0,0.5,0.4,80,0.0,0.0,21,2.8396451473236084,22,0.00022504790636066965,1.8025967939207265e-07,-3.647725022984279,-6.7441014057003486,0
0,4,3,0,0.5,0.4,80,0.0,0.0,22,2.9650139808654785,23,0.00016729907270280752,9.960530435794727e-08,-3.7765064662173415,-7.001717533142101,0
0,4,3,0,0.5,0.4,80,0.0,0.0,23,3.080287456512451,24,0.0001243915195809605,5.506106034156889e-08,-3.9052092267572167,-7.259155429410938,0
0,4,3,0,0.5,0.4,80,0.0,0.0,24,3.2186477184295654,25,9.250122901716564e-05,3.0446687814603666e-08,-4.033852496970942,-7.516459945792369,0
0,4,3,0,0.5,0.4,80,0.0,0.0,25,3.390035629272461,26,6.87938014276196e-05,1.683973780202758e-08,-4.1624506915182184,-7.773664674832752,0
0,4,3,0,0.5,0.4,80,0.0,0.0,26,3.538923978805542,27,5.11664568446557e-05,9.315480929350463e-09,-4.291014655845774,-8.030794718913581,0
0,4,3,0,0.5,0.4,80,0.0,0.0,27,3.661630868911743,28,3.805812908462167e-05,5.153842643665872e-09,-4.419552565187104,-8.287868845395291,0
0,4,3,0,0.5,0.4,80,0.0,0.0,28,3.767529249191284,29,2.830931792417967e-05,2.851666798914075e-09,-4.548070594263774,-8.544901220701929,0
0,4,3,0,0.5,0.4,80,0.0,0.0,29,3.866328716278076,30,2.1058458788981077e-05,1.5779666724738813e-09,-4.676573416813112,-8.801902173568637,0
0,4,3,0,0.5,0.4,80,0.0,0.0,30,3.9641261100769043,31,1.566518115191629e-05,8.732138144615549e-10,-4.805064578578462,-9.05887940226092,0
0,4,3,0,0.5,0.4,80,0.0,0.0,31,4.096416473388672,32,1.1653415295043807e-05,4.832373599122447e-10,-4.933546776232691,-9.315839497034862,0
0,4,3,0,0.5,0.4,80,0.0,0.0,32,4.224169969558716,33,8.66917827323383e-06,2.674324756880291e-10,-5.062022066112378,-9.57278585528005,0
0,4,3,0,0.5,0.4,80,0.0,0.0,33,4.37549352645874,34,6.449231690365373e-06,1.4800535364110012e-10,-5.1904920206375165,-9.829722575046013,0
0,4,3,0,0.5,0.4,80,0.0,0.0,34,4.492375612258911,35,4.7978001546326205e-06,8.191259151596805e-11,-5.318957845894627,-10.086649333824662,0
0,4,3,0,0.5,0.4,80,0.0,0.0,35,4.623315811157227,36,3.5692710565187025e-06,4.533436917964623e-11,-5.4474204697298605,-10.343572423028894,0
0,4,3,0,0.5,0.4,80,0.0,0.0,36,4.7301185131073,37,2.6553354385648615e-06,2.509049471060941e-11,-5.575880608324207,-10.600490775593732,0
0,4,3,0,0.5,0.4,80,0.0,0.0,37,4.849915504455566,38,1.975427902825328e-06,1.3886308762328675e-11,-5.704338816135155,-10.857413182426379,0
0,4,3,0,0.5,0.4,80,0.0,0.0,38,5.0127854347229,39,1.4696180447235632e-06,7.686185133484891e-12,-5.832795524179277,-11.114289159101101,0
0,4,3,0,0.5,0.4,80,0.0,0.0,39,5.101438760757446,40,1.0933241268472483e-06,4.254173913201254e-12,-5.961251068028964,-11.371184759849424,0
0,4,3,0,0.5,0.4,80,0.0,0.0,40,5.253320693969727,41,8.133814983192773e-07,2.354958807589644e-12,-6.0897057105510894,-11.628016685050149,0
0,4,3,0,0.5,0.4,80,0.0,0.0,41,5.38016939163208,42,6.051183772038465e-07,1.3033414711303542e-12,-6.218159657517035,-11.884941785669595,0
0,4,3,0,0.5,0.4,80,0.0,0.0,42,5.507561206817627,43,4.5018075953024117e-07,7.216346631210978e-13,-6.346613070438139,-12.1416826139907,0
0,4,3,0,0.5,0.4,80,0.0,0.0,43,5.586338043212891,44,3.3491447779203665e-07,3.993501784997014e-13,-6.475066078231145,-12.398646117112522,0
0,4,3,0,0.5,0.4,80,0.0,0.0,44,5.77825140953064,45,2.4916166257514367e-07,2.2104177159619525e-13,-6.603518779881692,-12.655525647312643,0
0,4,3,0,0.5,0.4,80,0.0,0.0,45,5.929061412811279,46,1.853654300651294e-07,1.2214907501195788e-13,-6.731971256878953,-12.913109817423443,0
0,4,3,0,0.5,0.4,80,0.0,0.0,46,6.079920053482056,47,1.3790386204327287e-07,6.741846313281745e-14,-6.860423571093215,-13.171221151852786,0
0,4,3,0,0.5,0.4,80,0.0,0.0,47,6.183237075805664,48,1.0259453548920522e-07,3.710844766827837e-14,-6.988875770511587,-13.43052721280836,0
0,4,3,0,0.5,0.4,80,0.0,0.0,48,6.343299627304077,49,7.632592894532697e-08,2.0935587727018656e-14,-7.1173279012988795,-13.67911484260565,0
0,4,3,0,0.5,0.4,80,0.0,0.0,49,6.464080333709717,50,5.6783219722778514e-08,1.1666145196978084e-14,-7.245779985741268,-13.933072622638221,0
0,4,3,0,0.5,0.4,80,0.0,0.0,50,6.602869749069214,51,4.2244283048096766e-08,6.57093664732237e-15,-7.374232056150021,-14.182372719972921,0
0,4,3,0,0.5,0.4,80,0.0,0.0,51,6.699590444564819,52,3.1427937121886365e-08,3.733438094190724e-15,-7.502684124422558,-14.427891045507351,0
0,4,3,0,0.5,0.4,80,0.0,0.0,52,6.807458162307739,53,2.3381037721939546e-08,1.8953474488041058e-15,-7.631136217429494,-14.72231116497468,0
0,4,3,0,0.5,0.4,80,0.0,0.0,53,6.989405870437622,54,1.7394488940690634e-08,1.1065378291171144e-15,-7.759588326531135,-14.956033734293445,0
0,4,3,0,0.5,0.4,80,0.0,0.0,54,7.161484718322754,55,1.2940752449489098e-08,3.9518931124516344e-16,-7.888040470563742,-15.403194810364827,0
0,4,3,0,0.5,0.4,80,0.0,0.0,55,7.306457996368408,56,9.627362626154262e-09,7.025611747383695e-16,-8.016492669654472,-15.153315854064036,0
0,4,3,0,0.5,0.4,80,0.0,0.0,56,7.448288679122925,57,7.162342738895966e-09,3.940052021982938e-16,-8.144944900574918,-15.404498043983823,0
0,4,3,0,0.5,0.4,80,0.0,0.0,57,7.583210229873657,58,5.328473360804221e-09,2.709388629853335e-16,-8.273397201094966,-15.567128696075915,0
0,4,3,0,0.5,0.4,80,0.0,0.0,58,7.715098857879639,59,3.964153495339504e-09,6.672354464702665e-16,-8.401849537615542,-15.175720890131815,0
0,4,3,0,0.5,0.4,80,0.0,0.0,59,7.868411540985107,60,2.949158444353376e-09,7.670186767915889e-17,-8.530301894230206,-16.115194060915723,0
0,4,3,0,0.5,0.4,80,0.0,0.0,60,8.009902954101562,61,2.1940459548893573e-09,-2.869507835977748e-16,-8.658754280249982,nan,0
0,4,3,0,0.5,0.4,80,0.0,0.0,61,8.138206243515015,62,1.632274353835653e-09,1.0570975834624614e-16,-8.787206842921059,-15.975884919974401,0
0,4,3,0,0.5,0.4,80,0.0,0.0,62,8.2145094871521,63,1.2143410262864676e-09,5.9302004307719445e-16,-8.915659332176748,-15.226930627966725,0
0,4,3,0,0.5,0.4,80,0.0,0.0,63,8.385257720947266,64,9.034167785035132e-10,-7.37540228303029e-17,-9.044111847863817,nan,0
0,4,3,0,0.5,0.4,80,0.0,0.0,64,8.538628578186035,65,6.72102569537354e-10,4.298360297475872e-16,-9.172564444230584,-15.36669718385449,0
0,4,3,0,0.5,0.4,80,0.0,0.0,65,8.666971445083618,66,5.000149816055126e-10,5.657656031517546e-16,-9.301016983001723,-15.247363459875638,0
0,4,3,0,0.5,0.4,80,0.0,0.0,66,8.777245998382568,67,3.7198893827539016e-10,-6.36343528087793e-17,-9.42946997441215,nan,0
0,4,3,0,0.5,0.4,80,0.0,0.0,67,8.910168409347534,68,2.76743522602938e-10,5.737309017147546e-16,-9.557922535329897,-15.241291757956546,0
0,4,3,0,0.5,0.4,80,0.0,0.0,68,9.014558553695679,69,2.0588517190529798e-10,4.585594665987988e-16,-9.68637493066026,-15.33860433645837,0
0,4,3,0,0.5,0.4,80,0.0,0.0,69,9.159401893615723,70,1.5316924727948162e-10,-1.170982549265316e-16,-9.814828421893305,nan,0
0,4,3,0,0.5,0.4,80,0.0,0.0,70,9.279820680618286,71,1.1395138671484158e-10,4.3315716203956264e-16,-9.94328038536786,-15.363354500361025,0
0,4,3,0,0.5,0.4,80,0.0,0.0,71,9.39560842514038,72,8.477491321903659e-11,2.92838082355966e-16,-10.071732646120951,-15.533372445777593,0
0,4,3,0,0.5,0.4,80,0.0,0.0,72,9.521536827087402,73,6.30688232712567e-11,4.834500891476803e-16,-10.20018527193307,-15.315648355348538,0
0,4,3,0,0.5,0.4,80,0.0,0.0,73,9.675906419754028,74,4.692037247415233e-11,-1.4034753437031984e-16,-10.328638548925927,nan,0
0,4,3,0,0.5,0.4,80,0.0,0.0,74,9.773672580718994,75,3.490683774080604e-11,4.927918743335572e-16,-10.457089492747647,-15.307336461885011,0
0,4,3,0,0.5,0.4,80,0.0,0.0,75,9.945552110671997,76,2.5969335879601522e-11,2.372609834847505e-16,-10.585539156551379,-15.624773673710333,0
0,4,3,0,0.5,0.4,80,0.0,0.0,76,10.055817604064941,77,1.9320006933763598e-11,-2.3743115727614157e-16,-10.713992722056409,nan,0
0,4,3,0,0.5,0.4,80,0.0,0.0,77,10.22270655632019,78,1.4373244572505168e-11,6.254517058055252e-16,-10.842445184483715,-15.203806218683425,0
0,4,3,0,0.5,0.4,80,0.0,0.0,78,10.318947792053223,79,1.069331909606989e-11,1.1210592604154972e-16,-10.97088747333407,-15.950371429518135,0
0,4,3,0,0.5,0.4,80,0.0,0.0,79,10.456557273864746,80,7.95531469754422e-12,1.4523467442638624e-16,-11.099342635790668,-15.837929684501901,0
0,4,3,0,0.5,0.4,80,0.0,0.0,80,10.58453893661499,81,5.918443292707544e-12,5.057840637369991e-16,-11.22779250920467,-15.296034858542654,0
0,4,3,0,0.3,1.0,80,0.0,0.0,0,0.0,1,0.5943084245648775,0.5213877676546348,-0.22598811339633107,-0.2828391620867737,0
0,4,3,0,0.3,1.0,80,0.0,0.0,1,0.1381692886352539,2,0.12799797330993165,0.029673617642938074,-0.892796906815268,-1.527629503680113,0
0,4,3,0,0.3,1.0,80,0.0,0.0,2,0.31320619583129883,3,0.039841343870756635,0.004961334257196134,-1.3996660210061023,-2.304401512499067,0
0,4,3,0,0.3,1.0,80,0.0,0.0,3,0.49812793731689453,4,0.019643850039118706,0.001270289370373311,-1.7067733899258866,-2.8960973360193907,0
0,4,3,0,0.3,1.0,80,0.0,0.0,4,0.6274282932281494,5,0.010697013280006728,0.00038881640322407755,-1.9707374650325022,-3.4102554215250027,0
0,4,3,0,0.3,1.0,80,0.0,0.0,5,0.7529585361480713,6,0.0061126583120482605,0.00012935548359770208,-2.21376987990781,-3.88821515607968,0
0,4,3,0,0.3,1.0,80,0.0,0.0,6,0.8657681941986084,7,0.0035840425638060513,4.4953985346876495e-05,-2.4456268413323645,-4.347231800317116,0
0,4,3,0,0.3,1.0,80,0.0,0.0,7,1.008086919784546,8,0.0021321117884688964,1.6009965612036065e-05,-2.6711900286124335,-4.795609600905124,0
0,4,3,0,0.3,1.0,80,0.0,0.0,8,1.1388850212097168,9,0.0012790938641004572,5.7837142449300005e-06,-2.893097584399283,-5.237793172303388,0
0,4,3,0,0.3,1.0,80,0.0,0.0,9,1.2739622592926025,10,0.0007711826777043855,2.107155027956779e-06,-3.112842734112862,-5.6763035112313,0
0,4,3,0,0.3,1.0,80,0.0,0.0,10,1.3926944732666016,11,0.0004663428461636735,7.71589219545764e-07,-3.3312946810550264,-6.112613848841131,0
0,4,3,0,0.3,1.0,80,0.0,0.0,11,1.5402910709381104,12,0.0002825087584946021,2.8340072839302477e-07,-3.548968083395298,-6.547599037868852,0
0,4,3,0,0.3,1.0,80,0.0,0.0,12,1.6483192443847656,13,0.0001713283138107085,1.0428375148782579e-07,-3.7661708593600554,-6.981783353979005,0
0,4,3,0,0.3,1.0,80,0.0,0.0,13,1.7335305213928223,14,0.00010397084769176578,3.8416458690126564e-08,-3.983088415137712,-7.4154826718069975,0
0,4,3,0,0.3,1.0,80,0.0,0.0,14,1.842310905456543,15,6.312002606474558e-05,1.4161591839739057e-08,-4.199832830461297,-7.848887926846897,0
0,4,3,0,0.3,1.0,80,0.0,0.0,15,1.9878830909729004,16,3.832904279910815e-05,5.222582236253092e-09,-4.4164720263562955,-8.282114712770394,0
0,4,3,0,0.3,1.0,80,0.0,0.0,16,2.1369009017944336,17,2.3278380955350053e-05,1.9264902523176593e-09,-4.633047228773401,-8.71523318409472,0
0,4,3,0,0.3,1.0,80,0.0,0.0,17,2.2756967544555664,18,1.413892897576738e-05,7.107452497063323e-10,-4.849583487111322,-9.148286034251973,0
0,4,3,0,0.3,1.0,80,0.0,0.0,18,2.389617681503296,19,8.588235936067754e-06,2.622417265632165e-10,-5.066096033131362,-9.581298204429428,0
0,4,3,0,0.3,1.0,80,0.0,0.0,19,2.5445401668548584,20,5.216820164673265e-06,9.676403407774518e-11,-5.28259413411071,-10.014286034262371,0
0,4,3,0,0.3,1.0,80,0.0,0.0,20,2.6832950115203857,21,3.168958624452091e-06,3.570656270191356e-11,-5.499083431144016,-10.447251955224232,0
0,4,3,0,0.3,1.0,80,0.0,0.0,21,2.82969069480896,22,1.9250084503192956e-06,1.317601949524881e-11,-5.7155673597040595,-10.88021577125537,0
0,4,3,0,0.3,1.0,80,0.0,0.0,22,3.0041558742523193,23,1.1693701059786136e-06,4.862534816769716e-12,-5.932048012751579,-11.313137276015473,0
0,4,3,0,0.3,1.0,80,0.0,0.0,23,3.138551950454712,24,7.103515526214175e-07,1.7940698202867254e-12,-6.148526665960683,-11.74616065941054,0
0,4,3,0,0.3,1.0,80,0.0,0.0,24,3.2959656715393066,25,4.3151500539163905e-07,6.623517516792313e-13,-6.365004097641749,-12.178911310798414,0
0,4,3,0,0.3,1.0,80,0.0,0.0,25,3.4198813438415527,26,2.621315028410396e-07,2.4451220168184336e-13,-6.581480782609767,-12.611699463776052,0
0,4,3,0,0.3,1.0,80,0.0,0.0,26,3.5657927989959717,27,1.5923663425989465e-07,9.008867651012495e-14,-6.797957010551662,-13.045329793240882,0
0,4,3,0,0.3,1.0,80,0.0,0.0,27,3.7369301319122314,28,9.673130391037392e-08,3.3369734011355405e-14,-7.01443295802151,-13.476647255073136,0
0,4,3,0,0.3,1.0,80,0.0,0.0,28,3.89199161529541,29,5.8761282466937536e-08,1.277116935836612e-14,-7.230908734286883,-13.893769335889656,0
0,4,3,0,0.3,1.0,80,0.0,0.0,29,4.04696249961853,30,3.569567501134644e-08,4.3638459419137056e-15,-7.447384401044477,-14.360130589833872,0
0,4,3,0,0.3,1.0,80,0.0,0.0,30,4.185952425003052,31,2.1684029663521284e-08,1.7805248635405623e-15,-7.663860007280818,-14.74945195738817,0
0,4,3,0,0.3,1.0,80,0.0,0.0,31,4.305816650390625,32,1.3172385286749082e-08,7.30165573170887e-16,-7.880335574842766,-15.136578647604289,0
0,4,3,0,0.3,1.0,80,0.0,0.0,32,4.424185514450073,33,8.001822493755143e-09,4.483436239063688e-16,-8.096811086903246,-15.348389002155669,0
0,4,3,0,0.3,1.0,80,0.0,0.0,33,4.5685365200042725,34,4.8608629824035405e-09,1.3554180896908452e-16,-8.313286620609214,-15.867926722473117,0
0,4,3,0,0.3,1.0,80,0.0,0.0,34,4.672190427780151,35,2.952826390904279e-09,8.857933941235194e-17,-8.529762086285414,-16.052667562825704,0
0,4,3,0,0.3,1.0,80,0.0,0.0,35,4.777031183242798,36,1.7937519369775138e-09,1.1172984256640116e-16,-8.746237616950118,-15.951830813178773,0
0,4,3,0,0.3,1.0,80,0.0,0.0,36,4.920648574829102,37,1.089649645945325e-09,1.6203099846725254e-16,-8.962713117923101,-15.790401891781887,0
0,4,3,0,0.3,1.0,80,0.0,0.0,37,5.074113845825195,38,6.619292554616519e-10,7.606356962357929e-17,-9.179188423860001,-16.118823297233064,0
0,4,3,0,0.3,1.0,80,0.0,0.0,38,5.221078395843506,39,4.021018801607523e-10,2.1606521121847263e-16,-9.395663896204399,-15.66541515348744,0
0,4,3,0,0.3,1.0,80,0.0,0.0,39,5.386043548583984,40,2.4426494640523546e-10,4.510310931588542e-16,-9.612138852613407,-15.345793517718825,0
0,4,3,0,0.3,1.0,80,0.0,0.0,40,5.530979633331299,41,1.483834545463944e-10,1.048163506553224e-16,-9.828614522236242,-15.979570965009746,0
0,4,3,0,0.3,1.0,80,0.0,0.0,41,5.656848192214966,42,9.013867966627558e-11,5.915985648212558e-16,-10.045088807678958,-15.227972888243375,0
0,4,3,0,0.3,1.0,80,0.0,0.0,42,5.776411771774292,43,5.475684911239938e-11,5.703015614161319e-16,-10.261561550539303,-15.243895439367934,0
0,4,3,0,0.3,1.0,80,0.0,0.0,43,5.945396661758423,44,3.32633159374846e-11,3.4938384403955186e-16,-10.478034459218428,-15.456697181226856,0
0,4,3,0,0.3,1.0,80,0.0,0.0,44,6.0848822593688965,45,2.0206250282899166e-11,2.3212644040650154e-16,-10.694514271963996,-15.634275388330657,0
0,4,3,0,0.3,1.0,80,0.0,0.0,45,6.2410688400268555,46,1.2274694144229278e-11,1.9772209987270152e-16,-10.910989320641114,-15.703944785838793,0
0,4,3,0,0.3,1.0,80,0.0,0.0,46,6.382080793380737,47,7.456569762878347e-12,1.443014246757223e-16,-11.127460914573055,-15.840729381132768,0
0,4,3,0,0.3,1.0,80,0.0,0.0,47,6.581650495529175,48,4.529765048261616e-12,5.14068471566574e-16,-11.34392432356989,-15.288979031115545,0
0,4,3,0,0.3,1.0,80,0.0,0.0,48,6.740170001983643,49,2.7520287989731094e-12,-2.4828687474268196e-16,-11.560347025680107,nan,0
0,4,3,0,0.3,1.0,80,0.0,0.0,49,6.906541585922241,50,1.6719852067226454e-12,2.904794463690926e-16,-11.776767569401276,-15.536884591825395,0
0,4,3,0,0.3,1.0,80,0.0,0.0,50,7.0399627685546875,51,1.0158241400546374e-12,2.6565791265572473e-16,-11.993181470806544,-15.575677244043568,0
0,4,3,0,0.3,1.0,80,0.0,0.0,51,7.202363729476929,52,6.170320211012251e-13,-3.2063500865620043e-16,-12.209692297511788,nan,0
0,4,3,0,0.3,1.0,80,0.0,0.0,52,7.361712455749512,53,3.7503024580079865e-13,4.128582817875001e-16,-12.42593370545978,-15.384198999190785,0
0,4,3,0,0.3,1.0,80,0.0,0.0,53,7.500015497207642,54,2.2778218852861743e-13,5.62218420710771e-16,-12.642480238668528,-15.250094929127046,0
0,4,3,0,0.3,1.0,80,0.0,0.0,54,7.653399467468262,55,1.38788488242596e-13,4.682034168210374e-16,-12.857646554774913,-15.329565421264965,0
0,4,3,0,0.3,1.0,80,0.0,0.0,55,7.780681848526001,56,8.424447539157946e-14,-2.3655602337458205e-16,-13.074458569811178,nan,0
0,4,3,0,0.3,1.0,80,0.0,0.0,56,7.895919561386108,57,5.15197657080044e-14,-4.403209612987568e-17,-13.288026120647316,nan,0
0,4,3,0,0.3,1.0,80,0.0,0.0,57,8.061843395233154,58,3.133731892491212e-14,-1.4550943375342265e-16,-13.503938162491682,nan,0
0,4,3,0,0.3,1.0,80,0.0,0.0,58,8.200105905532837,59,1.924004017699122e-14,6.035276936536118e-17,-13.715794025404891,-16.21930279694194,0
0,4,3,0,0.3,1.0,80,0.0,0.0,59,8.318844079971313,60,1.1708615688840346e-14,1.5083583756052956e-16,-13.931494448585738,-15.821495460815846,0
0,4,3,0,0.3,1.0,80,0.0,0.0,60,8.456672430038452,61,7.264212343419603e-15,4.093078394146044e-16,-14.138811469246397,-15.387949937294872,0
0,4,3,0,0.3,1.0,80,0.0,0.0,61,8.55458688735962,62,4.320725826199118e-15,8.158460631692033e-16,-14.364443291186252,-15.088391777793811,0
0,4,3,0,0.3,1.0,80,0.0,0.0,62,8.668403148651123,63,2.9111855290081702e-15,5.321306084884643e-16,-14.535930116218028,-15.27398175946408,0
0,4,3,0,0.3,1.0,80,0.0,0.0,63,8.771257162094116,64,1.7462642264573775e-15,3.809711044929588e-16,-14.75789004275506,-15.41910796299933,0
0,4,3,0,0.3,1.0,80,0.0,0.0,64,8.93178915977478,65,1.186225670867553e-15,2.866876631989626e-16,-14.925832681722774,-15.542590995298692,0
0,4,3,0,0.3,1.0,80,0.0,0.0,65,9.069701910018921,66,5.95819948375018e-16,1.3352371911648845e-16,-15.224884960462763,-15.874441579494823,0
0,4,3,0,0.3,1.0,80,0.0,0.0,66,9.18970251083374,67,9.055330295396154e-16,6.74613343356582e-18,-15.043095704063141,-17.170945073035902,0
0,4,3,0,0.3,1.0,80,0.0,0.0,67,9.294260025024414,68,9.171246230666527e-16,2.0848670143223857e-16,-15.037571646409857,-15.68092164178754,0
0,4,3,0,0.3,1.0,80,0.0,0.0,68,9.402389526367188,69,6.695048221414803e-16,4.753340175335643e-16,-15.174246290613295,-15.323001104075827,0
0,4,3,0,0.3,1.0,80,0.0,0.0,69,9.530734062194824,70,5.728016979441646e-16,4.696340140020365e-16,-15.24199570332819,-15.328240456141973,0
0,4,3,0,0.3,1.0,80,0.0,0.0,70,9.684277772903442,71,6.916438030859855e-16,3.209457516062639e-16,-15.160117509851373,-15.493568368744832,0
0,4,3,0,0.3,1.0,80,0.0,0.0,71,9.847975730895996,72,6.271287337064949e-16,1.4333565601750467e-16,-15.202643300318108,-15.843645761553477,0
0,4,3,0,0.3,1.0,80,0.0,0.0,72,9.997345685958862,73,7.237723334563302e-16,4.643039058513035e-16,-15.140398022024854,-15.333197662914628,0
0,4,3,0,0.3,1.0,80,0.0,0.0,73,10.152761936187744,74,5.092610149745635e-16,3.0035573392936985e-16,-15.29305956872753,-15.522364072755696,0
0,4,3,0,0.3,1.0,80,0.0,0.0,74,10.306388854980469,75,3.107030690320863e-16,-3.028232392802877e-17,-15.507654456892702,nan,0
0,4,3,0,0.3,1.0,80,0.0,0.0,75,10.415992021560669,76,4.957917737005404e-16,2.6918686801254774e-16,-15.304700683429635,-15.569946130513424,0
0,4,3,0,0.3,1.0,80,0.0,0.0,76,10.54384994506836,77,6.240161459486704e-16,1.268644368060146e-16,-15.204804173128961,-15.896660104173973,0
0,4,3,0,0.3,1.0,80,0.0,0.0,77,10.676623344421387,78,4.3202636048339834e-16,2.5869484226033014e-16,-15.364489753501728,-15.587212229962264,0
0,4,3,0,0.3,1.0,80,0.0,0.0,78,10.789962530136108,79,5.594703025677728e-16,2.573318869501345e-16,-15.252222961455995,-15.589506395412451,0
0,4,3,0,0.3,1.0,80,0.0,0.0,79,10.965468645095825,80,4.584917095161539e-16,4.245832419667184e-16,-15.3386685128706,-15.372037151161559,0
0,4,3,0,0.3,1.0,80,0.0,0.0,80,11.09844422340393,81,6.501332047141626e-16,1.1380482247874943e-16,-15.186997652364042,-15.943839334324649,0
0,4,3,0,0.3,0.7,80,0.0,0.0,0,0.0,1,0.5943084245648775,0.5213877676546348,-0.22598811339633107,-0.2828391620867737,0
0,4,3,0,0.3,0.7,80,0.0,0.0,1,0.15467023849487305,2,0.2397438843801427,0.08728399285895824,-0.6202524624214607,-1.0590653949019695,0
0,4,3,0,0.3,0.7,80,0.0,0.0,2,0.25092411041259766,3,0.11136130558656271,0.022123534336313484,-0.9532656860873561,-1.6551454912848562,0
0,4,3,0,0.3,0.7,80,0.0,0.0,3,0.400590181350708,4,0.05638984320623286,0.007349503045744492,-1.2487991129797003,-2.1337420257848536,0
0,4,3,0,0.3,0.7,80,0.0,0.0,4,0.5435307025909424,5,0.030497429040358348,0.002879351015340103,-1.5157367705105078,-2.5407053880108257,0
0,4,3,0,0.3,0.7,80,0.0,0.0,5,0.6719257831573486,6,0.019398908110523312,0.001250433895018355,-1.7122227141378055,-2.9029392625801016,0
0,4,3,0,0.3,0.7,80,0.0,0.0,6,0.8158864974975586,7,0.013089685191107866,0.0005793147866021602,-1.8830707981710746,-3.237085386298512,0
0,4,3,0,0.3,0.7,80,0.0,0.0,7,0.9367449283599854,8,0.009033955218154413,0.0002796498107863329,-2.044122066592494,-3.5533854701833256,0
0,4,3,0,0.3,0.7,80,0.0,0.0,8,1.079685926437378,9,0.006328932365594592,0.00013864324053293854,-2.1986695454071414,-3.8581012993339083,0
0,4,3,0,0.3,0.7,80,0.0,0.0,9,1.2135365009307861,10,0.004479287144354346,6.996701199004935e-05,-2.3487910962489025,-4.1551066726641395,0
0,4,3,0,0.3,0.7,80,0.0,0.0,10,1.3433446884155273,11,0.003192659049962165,3.5738807738213774e-05,-2.495847458105164,-4.446859939836853,0
0,4,3,0,0.3,0.7,80,0.0,0.0,11,1.488304615020752,12,0.002286892396653315,1.8409051008115964e-05,-2.64075426942871,-4.7349685989246355,0
0,4,3,0,0.3,0.7,80,0.0,0.0,12,1.6326992511749268,13,0.00164384164608056,9.538647029154555e-06,-2.7841400210695477,-5.0205132216735135,0
0,4,3,0,0.3,0.7,80,0.0,0.0,13,1.7515733242034912,14,0.0011845614004383984,4.963219353434803e-06,-2.9264424231805806,-5.304236530387775,0
0,4,3,0,0.3,0.7,80,0.0,0.0,14,1.8885135650634766,15,0.0008551266119888573,2.5902546559804533e-06,-3.067969577883335,-5.586657536980365,0
0,4,3,0,0.3,0.7,80,0.0,0.0,15,2.0369155406951904,16,0.0006181017132353746,1.3547426818004047e-06,-3.208940052642379,-5.868143186329438,0
0,4,3,0,0.3,0.7,80,0.0,0.0,16,2.171306610107422,17,0.0004471880746393092,7.096512906722683e-07,-3.3495097864888046,-6.148955003025629,0
0,4,3,0,0.3,0.7,80,0.0,0.0,17,2.2941761016845703,18,0.00032374979165826923,3.721513527367155e-07,-3.489790502390825,-6.429280398047837,0
0,4,3,0,0.3,0.7,80,0.0,0.0,18,2.4395554065704346,19,0.00023449711753874056,1.9531960327411058e-07,-3.6298624913058832,-6.709254166509763,0
0,4,3,0,0.3,0.7,80,0.0,0.0,19,2.5870423316955566,20,0.00016990901170372294,1.0257144811798519e-07,-3.7697835862315516,-6.9889735130104995,0
0,4,3,0,0.3,0.7,80,0.0,0.0,20,2.7224433422088623,21,0.00012314151326072223,5.388791284331512e-08,-3.909595513756205,-7.268508636930691,0
0,4,3,0,0.3,0.7,80,0.0,0.0,21,2.860024929046631,22,8.926302139362175e-05,2.83197678343025e-08,-4.049328417155248,-7.54791031131753,0
0,4,3,0,0.3,0.7,80,0.0,0.0,22,2.9989006519317627,23,6.47136518085295e-05,1.4886229094975662e-08,-4.189004092133527,-7.827215301619966,0
0,4,3,0,0.3,0.7,80,0.0,0.0,23,3.095763921737671,24,4.692039834220291e-05,7.826179382273957e-09,-4.328638309491583,-8.106450201945318,0
0,4,3,0,0.3,0.7,80,0.0,0.0,24,3.232621669769287,25,3.402181772189087e-05,4.114961467620683e-09,-4.4682424865642005,-8.385634227153549,0
0,4,3,0,0.3,0.7,80,0.0,0.0,25,3.38753604888916,26,2.467033845842197e-05,2.163807303459989e-09,-4.607824892276915,-8.664781417673716,0
0,4,3,0,0.3,0.7,80,0.0,0.0,26,3.5099005699157715,27,1.78899234736274e-05,1.1378842174008223e-09,-4.747391517177313,-8.94390192625561,0
0,4,3,0,0.3,0.7,80,0.0,0.0,27,3.6372411251068115,28,1.2973384740156212e-05,5.984074145272145e-10,-4.886946702235223,-9.223003034013404,0
0,4,3,0,0.3,0.7,80,0.0,0.0,28,3.7876169681549072,29,9.408197081345572e-06,3.1470972602636607e-10,-5.0264935936441715,-9.502089835115662,0
0,4,3,0,0.3,0.7,80,0.0,0.0,29,3.933558702468872,30,6.8228453583056465e-06,1.65513514724303e-10,-5.166034472014191,-9.781166538863754,0
0,4,3,0,0.3,0.7,80,0.0,0.0,30,4.088048219680786,31,4.9479922339120165e-06,8.704929361395082e-11,-5.30557099068637,-10.060234748737436,0
0,4,3,0,0.3,0.7,80,0.0,0.0,31,4.265674591064453,32,3.5883570649005785e-06,4.578243234578877e-11,-5.445104348348,-10.339301137692658,0
0,4,3,0,0.3,0.7,80,0.0,0.0,32,4.415141582489014,33,2.6023432872016257e-06,2.407909760741431e-11,-5.584635414191222,-10.618359792807233,0
0,4,3,0,0.3,0.7,80,0.0,0.0,33,4.548569440841675,34,1.8872749768146225e-06,1.2665024580569163e-11,-5.724164818323156,-10.897393962983958,0
0,4,3,0,0.3,0.7,80,0.0,0.0,34,4.751157522201538,35,1.3686959498797178e-06,6.6613348456988735e-12,-5.863693017866925,-11.176438735088931,0
0,4,3,0,0.3,0.7,80,0.0,0.0,35,4.858003616333008,36,9.926123077864156e-07,3.503717661689309e-12,-6.003220344118963,-11.455470897626862,0
0,4,3,0,0.3,0.7,80,0.0,0.0,36,5.00890851020813,37,7.198681558005864e-07,1.8430380764224666e-12,-6.142747037529123,-11.734465692339608,0
0,4,3,0,0.3,0.7,80,0.0,0.0,37,5.104715347290039,38,5.220675840141186e-07,9.691275496832994e-13,-6.282273271969997,-12.013619060433058,0
0,4,3,0,0.3,0.7,80,0.0,0.0,38,5.255636215209961,39,3.7861762392912785e-07,5.099469675025377e-13,-6.421799174320907,-12.2924749864875,0
0,4,3,0,0.3,0.7,80,0.0,0.0,39,5.4079670906066895,40,2.745839599505192e-07,2.684229859061513e-13,-6.561324836030219,-12.571180296905549,0
0,4,3,0,0.3,0.7,80,0.0,0.0,40,5.543400764465332,41,1.9913595302255697e-07,1.418195899618168e-13,-6.700850323148453,-12.84826377462061,0
0,4,3,0,0.3,0.7,80,0.0,0.0,41,5.669217109680176,42,1.4441899411215798e-07,7.432086025314696e-14,-6.840375684220572,-13.128889272089864,0
0,4,3,0,0.3,0.7,80,0.0,0.0,42,5.80055832862854,43,1.0473673880183336e-07,3.90330865586461e-14,-6.979900952894128,-13.408567105331938,0
0,4,3,0,0.3,0.7,80,0.0,0.0,43,5.902079820632935,44,7.595805654857662e-08,2.0733695008673205e-14,-7.119426155586239,-13.683323294197605,0
0,4,3,0,0.3,0.7,80,0.0,0.0,44,6.063656806945801,45,5.5086944962923404e-08,1.0845554394875577e-14,-7.258951312261539,-13.964748243144358,0
0,4,3,0,0.3,0.7,80,0.0,0.0,45,6.20761251449585,46,3.9950623961141375e-08,6.2098420450587216e-15,-7.398476433352131,-14.206919446495212,0
0,4,3,0,0.3,0.7,80,0.0,0.0,46,6.317402362823486,47,2.8973333879804607e-08,3.4331108399380706e-15,-7.538001528879869,-14.464312174903291,0
0,4,3,0,0.3,0.7,80,0.0,0.0,47,6.4508216381073,48,2.1012290595996942e-08,2.2331063529279026e-15,-7.677526601617014,-14.651090592920578,0
0,4,3,0,0.3,0.7,80,0.0,0.0,48,6.58332633972168,49,1.5238714574703722e-08,1.5468145982655058e-15,-7.8170516653230235,-14.810561737868536,0
0,4,3,0,0.3,0.7,80,0.0,0.0,49,6.718698263168335,50,1.1051552052204124e-08,9.875943739712583e-16,-7.956576726469832,-15.005421392778377,0
0,4,3,0,0.3,0.7,80,0.0,0.0,50,6.865137338638306,51,8.014902473518022e-09,-8.694956240864127e-17,-8.096101757835182,nan,0
0,4,3,0,0.3,0.7,80,0.0,0.0,51,6.984611749649048,52,5.812637051335786e-09,1.6405823978780043e-16,-8.235626794112799,-15.785001952388523,0
0,4,3,0,0.3,0.7,80,0.0,0.0,52,7.109330892562866,53,4.215490901487813e-09,4.568460434371855e-16,-8.375151843721726,-15.340230131988587,0
0,4,3,0,0.3,0.7,80,0.0,0.0,53,7.230754613876343,54,3.057194948522048e-09,7.249144530053638e-16,-8.51467686668186,-15.13971324140116,0
0,4,3,0,0.3,0.7,80,0.0,0.0,54,7.311498165130615,55,2.217165254239425e-09,1.8340019412496052e-17,-8.654201935965524,-16.73660020897486,0
0,4,3,0,0.3,0.7,80,0.0,0.0,55,7.444471836090088,56,1.607952064592807e-09,4.0896917699847356e-16,-8.79372690234947,-15.388309422466767,0
0,4,3,0,0.3,0.7,80,0.0,0.0,56,7.567243814468384,57,1.1661329873368691e-09,4.466413464865218e-16,-8.933251919239806,-15.350041075891138,0
0,4,3,0,0.3,0.7,80,0.0,0.0,57,7.7148377895355225,58,8.45713200256507e-10,3.1433260199631985e-16,-9.072776890700185,-15.502610572425597,0
0,4,3,0,0.3,0.7,80,0.0,0.0,58,7.881740093231201,59,6.133355790322574e-10,2.3251816602536102e-16,-9.212301841558714,-15.633543111176714,0
0,4,3,0,0.3,0.7,80,0.0,0.0,59,8.040297031402588,60,4.4480838538162425e-10,-1.979685257498192e-16,-9.351827034171858,nan,0
0,4,3,0,0.3,0.7,80,0.0,0.0,60,8.103575468063354,61,3.225880551454767e-10,2.39716526738489e-16,-9.491351717791598,-15.620302023438576,0
0,4,3,0,0.3,0.7,80,0.0,0.0,61,8.223917961120605,62,2.3395029965367007e-10,4.794787582043513e-16,-9.630876394208274,-15.319230628115799,0
0,4,3,0,0.3,0.7,80,0.0,0.0,62,8.391971826553345,63,1.6966745593239453e-10,-3.147785059452047e-16,-9.770401452110095,nan,0
0,4,3,0,0.3,0.7,80,0.0,0.0,63,8.531405448913574,64,1.230477470898328e-10,-3.9813871287378166e-16,-9.909926333488288,nan,0
0,4,3,0,0.3,0.7,80,0.0,0.0,64,8.660823106765747,65,8.923799846980784e-11,6.028162260449903e-16,-10.049450179124037,-15.21981506626623,0
0,4,3,0,0.3,0.7,80,0.0,0.0,65,8.81032133102417,66,6.471794379017572e-11,-8.70158823186487e-17,-10.188975289522581,nan,0
0,4,3,0,0.3,0.7,80,0.0,0.0,66,8.93425178527832,67,4.693512158226496e-11,8.145618005069954e-17,-10.328502052786122,-16.089075960341372,0
0,4,3,0,0.3,0.7,80,0.0,0.0,67,9.080697298049927,68,3.4038993950963564e-11,3.154552998846621e-16,-10.468023284310181,-15.50106217172502,0
0,4,3,0,0.3,0.7,80,0.0,0.0,68,9.20509123802185,69,2.468590469227411e-11,2.785396546144916e-16,-10.607550952071641,-15.555112967261174,0
0,4,3,0,0.3,0.7,80,0.0,0.0,69,9.337478637695312,70,1.790304552108526e-11,5.610897852653395e-16,-10.747073084076199,-15.250967637629243,0
0,4,3,0,0.3,0.7,80,0.0,0.0,70,9.459306716918945,71,1.2983742743299143e-11,2.424547519629973e-16,-10.886600098101145,-15.615369299562134,0
0,4,3,0,0.3,0.7,80,0.0,0.0,71,9.577707290649414,72,9.416487906916152e-12,4.014023735970686e-17,-11.02611104700068,-16.396420063744245,0
0,4,3,0,0.3,0.7,80,0.0,0.0,72,9.713249444961548,73,6.829109681787784e-12,-1.558446965099939e-16,-11.165635912056427,nan,0
0,4,3,0,0.3,0.7,80,0.0,0.0,73,9.847110271453857,74,4.95264788600923e-12,4.1420845152282297e-16,-11.305162547567537,-15.382781043993315,0
0,4,3,0,0.3,0.7,80,0.0,0.0,74,9.984463930130005,75,3.592083891719964e-12,5.433418495436845e-16,-11.44465352910785,-15.264926843234397,0
0,4,3,0,0.3,0.7,80,0.0,0.0,75,10.119572639465332,76,2.6050423861366764e-12,6.142338829283635e-16,-11.584185205986142,-15.211666230284766,0
0,4,3,0,0.3,0.7,80,0.0,0.0,76,10.223195314407349,77,1.889299942331295e-12,3.2166955175924466e-16,-11.723699088685565,-15.49259004611939,0
0,4,3,0,0.3,0.7,80,0.0,0.0,77,10.36106014251709,78,1.3705192152515792e-12,3.29203548820511e-16,-11.863114871091847,-15.482535491731767,0
0,4,3,0,0.3,0.7,80,0.0,0.0,78,10.47844910621643,79,9.936230485942985e-13,5.421070988865506e-17,-12.002778342931162,-16.265914905600663,0
0,4,3,0,0.3,0.7,80,0.0,0.0,79,10.631290435791016,80,7.208849800783983e-13,-1.5024366305787887e-16,-12.14213402307822,nan,0
0,4,3,0,0.3,0.7,80,0.0,0.0,80,10.738848209381104,81,5.228449776510161e-13,3.5132733027047735e-16,-12.281627059374898,-15.454288064486436,0
0,4,3,0,0.3,0.4,80,0.0,0.0,0,0.0010135173797607422,1,0.5943084245648775,0.5213877676546348,-0.22598811339633107,-0.2828391620867737,0
0,4,3,0,0.3,0.4,80,0.0,0.0,1,0.15298986434936523,2,0.3729497213239222,0.20699938199216203,-0.42834971302613667,-0.6840309511507849,0
0,4,3,0,0.3,0.4,80,0.0,0.0,2,0.23669767379760742,3,0.24536263831633093,0.09023646506982609,-0.6101915671524712,-1.0446179261127064,0
0,4,3,0,0.3,0.4,80,0.0,0.0,3,0.3665337562561035,4,0.16641676660049481,0.04342421205868688,-0.7788029203815466,-1.3622680531726072,0
0,4,3,0,0.3,0.4,80,0.0,0.0,4,0.48382091522216797,5,0.1156670576611377,0.022633098581531914,-0.9367903118614611,-1.6452559849431678,0
0,4,3,0,0.3,0.4,80,0.0,0.0,5,0.6131670475006104,6,0.08196735830349108,0.012552597370139473,-1.0863590614084884,-1.9012664011306508,0
0,4,3,0,0.3,0.4,80,0.0,0.0,6,0.7966461181640625,7,0.05902972385428061,0.007309718121987819,-1.2289292484380065,-2.1360993700223827,0
0,4,3,0,0.3,0.4,80,0.0,0.0,7,0.9225456714630127,8,0.04311561927210837,0.0044247892399978846,-1.3653653717220389,-2.3541074106352626,0
0,4,3,0,0.3,0.4,80,0.0,0.0,8,1.0678675174713135,9,0.031901037206200765,0.0027627624082929396,-1.4961951963908857,-2.5586564618819074,0
0,4,3,0,0.3,0.4,80,0.0,0.0,9,1.2168433666229248,10,0.023891357793365174,0.0017684194576189083,-1.6217591677298484,-2.75241471527146,0
0,4,3,0,0.3,0.4,80,0.0,0.0,10,1.31663179397583,11,0.018541525431144137,0.0011547234455470175,-1.731854538849777,-2.937522016165201,0
0,4,3,0,0.3,0.4,80,0.0,0.0,11,1.449054479598999,12,0.015045894536498978,0.000766129873163145,-1.8225819866732222,-3.115697603190974,0
0,4,3,0,0.3,0.4,80,0.0,0.0,12,1.593940258026123,13,0.01229347112762098,0.0005148507768859122,-1.9103254744180562,-3.2883186275914955,0
0,4,3,0,0.3,0.4,80,0.0,0.0,13,1.7333390712738037,14,0.01010011249483573,0.000349555693002079,-1.9956737890278207,-3.456483620385911,0
0,4,3,0,0.3,0.4,80,0.0,0.0,14,1.857140302658081,15,0.00833519073231456,0.00023929522898406396,-2.0790844578582925,-3.621065960168634,0
0,4,3,0,0.3,0.4,80,0.0,0.0,15,2.0226056575775146,16,0.006903711627347098,0.00016490775923145738,-2.160917357685011,-3.7827589094729652,0
0,4,3,0,0.3,0.4,80,0.0,0.0,16,2.108419179916382,17,0.005735106521119473,0.00011425812389365651,-2.2414585113102685,-3.9421129112865123,0
0,4,3,0,0.3,0.4,80,0.0,0.0,17,2.232780933380127,18,0.004775982596428988,7.951226709236071e-05,-2.3209372644349324,-4.099565863550619,0
0,4,3,0,0.3,0.4,80,0.0,0.0,18,2.3667244911193848,19,0.003985300685502542,5.5530646771591394e-05,-2.3995389061052217,-4.255467268222059,0
0,4,3,0,0.3,0.4,80,0.0,0.0,19,2.5006446838378906,20,0.0033310864782227423,3.889580444239242e-05,-2.477414092458199,-4.410097242010699,0
0,4,3,0,0.3,0.4,80,0.0,0.0,20,2.615952730178833,21,0.0027881363777619425,2.7309808120931168e-05,-2.554685987151893,-4.563681351208254,0
0,4,3,0,0.3,0.4,80,0.0,0.0,21,2.764893054962158,22,0.002336384178252716,1.9213118788217673e-05,-2.6314557434188206,-4.716402132141212,0
0,4,3,0,0.3,0.4,80,0.0,0.0,22,2.915919065475464,23,0.001959716445541608,1.353916795787907e-05,-2.707806762850296,-4.868408024159362,0
0,4,3,0,0.3,0.4,80,0.0,0.0,23,3.039860725402832,24,0.0016450987074157872,9.553878097043789e-06,-2.783808038869076,-5.019820304409056,0
0,4,3,0,0.3,0.4,80,0.0,0.0,24,3.143702983856201,25,0.0013819209275204593,6.749343183827831e-06,-2.859516806255592,-5.170738488727266,0
0,4,3,0,0.3,0.4,80,0.0,0.0,25,3.231250524520874,26,0.001161500341495929,4.772604453229007e-06,-2.9349806581756046,-5.321244557860528,0
0,4,3,0,0.3,0.4,80,0.0,0.0,26,3.3681204319000244,27,0.0009766990154223957,3.3774872344392555e-06,-3.0102392500787403,-5.471406283763539,0
0,4,3,0,0.3,0.4,80,0.0,0.0,27,3.500487804412842,28,0.0008216262767335636,2.391773975257065e-06,-3.0853256798563673,-5.621279863954801,0
0,4,3,0,0.3,0.4,80,0.0,0.0,28,3.5992729663848877,29,0.0006914047963931752,1.694681069178811e-06,-3.1602676120081568,-5.770912021902422,0
0,4,3,0,0.3,0.4,80,0.0,0.0,29,3.741680383682251,30,0.000581985014620071,1.201318894079157e-06,-3.235088197741175,-5.920341692384417,0
0,4,3,0,0.3,0.4,80,0.0,0.0,30,3.897087812423706,31,0.0004899967153647784,8.519196142498311e-07,-3.3098068312035944,-6.0696013826215,0
0,4,3,0,0.3,0.4,80,0.0,0.0,31,4.029072523117065,32,0.0004126294554083026,6.043405329863812e-07,-3.3844397732976965,-6.21871827673949,0
0,4,3,0,0.3,0.4,80,0.0,0.0,32,4.1804358959198,33,0.00034753562700243765,4.2882970334917397e-07,-3.4590006678581418,-6.367715140400492,0
0,4,3,0,0.3,0.4,80,0.0,0.0,33,4.325784921646118,34,0.00029275143332976763,3.0436095781560097e-07,-3.533500969916795,-6.516611057856492,0
0,4,3,0,0.3,0.4,80,0.0,0.0,34,4.469245433807373,35,0.00024663215527143546,2.1606178266048918e-07,-3.6079503018418375,-6.665422044997734,0
0,4,3,0,0.3,0.4,80,0.0,0.0,35,4.592103481292725,36,0.00020779890271366942,1.5340462309891187e-07,-3.682356750073628,-6.814161552016161,0
0,4,3,0,0.3,0.4,80,0.0,0.0,36,4.728446006774902,37,0.00017509465433447022,1.0893291297911999e-07,-3.7567271127885165,-6.962840882727101,0
0,4,3,0,0.3,0.4,80,0.0,0.0,37,4.87784743309021,38,0.00014754785257189512,7.736249348964486e-08,-3.8310671068889484,-7.1114695408467,0
0,4,3,0,0.3,0.4,80,0.0,0.0,38,4.99817156791687,39,0.00012434217470648192,5.494706349027647e-08,-3.9053815412242114,-7.260055512413307,0
0,4,3,0,0.3,0.4,80,0.0,0.0,39,5.13694429397583,40,0.00010479137485727104,3.902963143940976e-08,-3.9796744616847817,-7.408605549784248,0
0,4,3,0,0.3,0.4,80,0.0,0.0,40,5.288846254348755,41,8.831830533326303e-05,2.772520095332341e-08,-4.0539492728516695,-7.557125297384277,0
0,4,3,0,0.3,0.4,80,0.0,0.0,41,5.456699848175049,42,7.443739392141856e-05,1.9696110951027915e-08,-4.128208840073237,-7.705619517962543,0
0,4,3,0,0.3,0.4,80,0.0,0.0,42,5.606157541275024,43,6.273998706945267e-05,1.3992900989923454e-08,-4.202455575145222,-7.854092238809956,0
0,4,3,0,0.3,0.4,80,0.0,0.0,43,5.734913349151611,44,5.288207547824034e-05,9.941528461518162e-09,-4.276691508305723,-8.002546839810702,0
0,4,3,0,0.3,0.4,80,0.0,0.0,44,5.880104064941406,45,4.4574004367641825e-05,7.063401057253512e-09,-4.3509183487127485,-8.150986133971516,0
0,4,3,0,0.3,0.4,80,0.0,0.0,45,5.965505361557007,46,3.757184003944233e-05,5.018654852186364e-09,-4.425137535322349,-8.299412671013535,0
0,4,3,0,0.3,0.4,80,0.0,0.0,46,6.138615608215332,47,3.167012083318919e-05,3.5659212859818264e-09,-4.499350279631335,-8.447828247655627,0
0,4,3,0,0.3,0.4,80,0.0,0.0,47,6.221843004226685,48,2.6695766702719163e-05,2.533759140220098e-09,-4.573557601684565,-8.59623467163293,0
0,4,3,0,0.3,0.4,80,0.0,0.0,48,6.362197637557983,49,2.250295955897441e-05,1.8003899070877531e-09,-4.64776036030615,-8.744633430363853,0
0,4,3,0,0.3,0.4,80,0.0,0.0,49,6.474519491195679,50,1.8968837731353866e-05,1.279305682261417e-09,-4.7219592786170494,-8.89302567111364,0
0,4,3,0,0.3,0.4,80,0.0,0.0,50,6.590402603149414,51,1.5989873742956112e-05,9.090499380063678e-10,-4.796154965456639,-9.041412258466822,0
0,4,3,0,0.3,0.4,80,0.0,0.0,51,6.7128987312316895,52,1.3478825987319698e-05,6.459601545253903e-10,-4.870347933426288,-9.189794270245555,0
0,4,3,0,0.3,0.4,80,0.0,0.0,52,6.8890814781188965,53,1.1362172695554143e-05,4.590150102443531e-10,-4.944538614094473,-9.338173112371875,0
0,4,3,0,0.3,0.4,80,0.0,0.0,53,7.055609464645386,54,9.577951403909673e-06,3.2617619821661745e-10,-5.018727370787607,-9.486547733548132,0
0,4,3,0,0.3,0.4,80,0.0,0.0,54,7.19550347328186,55,8.073939496298763e-06,2.3178216364750823e-10,-5.09291450938719,-9.63491998738668,0
0,4,3,0,0.3,0.4,80,0.0,0.0,55,7.366548538208008,56,6.806121734536025e-06,1.6470653387988445e-10,-5.1671002873641525,-9.783289172101075,0
0,4,3,0,0.3,0.4,80,0.0,0.0,56,7.51100492477417,57,5.737399332577037e-06,1.170425332728792e-10,-5.241284921444198,-9.931656286895338,0
0,4,3,0,0.3,0.4,80,0.0,0.0,57,7.679995775222778,58,4.836502382141018e-06,8.317191760969092e-11,-5.3154685939858615,-10.080023285318266,0
0,4,3,0,0.3,0.4,80,0.0,0.0,58,7.79333758354187,59,4.0770735052379276e-06,5.910300189925017e-11,-5.389651458616164,-10.22839046031721,0
0,4,3,0,0.3,0.4,80,0.0,0.0,59,7.911166429519653,60,3.4368957224330774e-06,4.199984196259909e-11,-5.463833644429232,-10.376752343766391,0
0,4,3,0,0.3,0.4,80,0.0,0.0,60,8.076586246490479,61,2.89724178331072e-06,2.984672545413089e-11,-5.53801526013761,-10.525103309265283,0
0,4,3,0,0.3,0.4,80,0.0,0.0,61,8.218973159790039,62,2.442325831438452e-06,2.1209382138028516e-11,-5.612196397165871,-10.673471982966383,0
0,4,3,0,0.3,0.4,80,0.0,0.0,62,8.365427017211914,63,2.058841281062935e-06,1.507146009763949e-11,-5.686377132456984,-10.821844671930158,0
0,4,3,0,0.3,0.4,80,0.0,0.0,63,8.544018983840942,64,1.735571337636901e-06,1.0710396047717365e-11,-5.760557530707448,-10.970194469582891,0
0,4,3,0,0.3,0.4,80,0.0,0.0,64,8.681961297988892,65,1.463060730730713e-06,7.611872737089356e-12,-5.834737646209742,-11.118508481294354,0
0,4,3,0,0.3,0.4,80,0.0,0.0,65,8.84642767906189,66,1.233339029255533e-06,5.4095842913014266e-12,-5.90891752494845,-11.266836107708707,0
0,4,3,0,0.3,0.4,80,0.0,0.0,66,8.994833707809448,67,1.0396874339267415e-06,3.844025055837897e-12,-5.983097205050965,-11.41521379020831,0
0,4,3,0,0.3,0.4,80,0.0,0.0,67,9.118979454040527,68,8.764422015102366e-07,2.731827596883295e-12,-6.057276718923103,-11.563546712049364,0
0,4,3,0,0.3,0.4,80,0.0,0.0,68,9.242298126220703,69,7.388289533496049e-07,1.9410447209043993e-12,-6.1314560936952756,-11.711964458522885,0
0,4,3,0,0.3,0.4,80,0.0,0.0,69,9.382390975952148,70,6.228230081117694e-07,1.3793082784083023e-12,-6.205635352251297,-11.860338657211488,0
0,4,3,0,0.3,0.4,80,0.0,0.0,70,9.501345872879028,71,5.250316520928201e-07,9.80523051852648e-13,-6.2798145138990185,-12.008542191721112,0
0,4,3,0,0.3,0.4,80,0.0,0.0,71,9.594377279281616,72,4.4259490074839197e-07,6.969190086556115e-13,-6.353993594000249,-12.156817689818377,0
0,4,3,0,0.3,0.4,80,0.0,0.0,72,9.703137159347534,73,3.7310184209221286e-07,4.94883795969147e-13,-6.428172606739101,-12.305496766104776,0
0,4,3,0,0.3,0.4,80,0.0,0.0,73,9.846951007843018,74,3.1452012290474835e-07,3.515448981770239e-13,-6.502351563296874,-12.45401920041571,0
0,4,3,0,0.3,0.4,80,0.0,0.0,74,9.985825777053833,75,2.651365050914503e-07,2.5027412787365924e-13,-6.576530472688224,-12.601584043330062,0
0,4,3,0,0.3,0.4,80,0.0,0.0,75,10.1431303024292,76,2.235067567215839e-07,1.7746875793949978e-13,-6.6507093433931415,-12.750878090207218,0
0,4,3,0,0.3,0.4,80,0.0,0.0,76,10.280306339263916,77,1.884134138403148e-07,1.264020737887058e-13,-6.724888181429269,-12.898245800835252,0
0,4,3,0,0.3,0.4,80,0.0,0.0,77,10.455987453460693,78,1.588301722235694e-07,8.975868558965047e-14,-6.799066993184071,-13.04692351577309,0
0,4,3,0,0.3,0.4,80,0.0,0.0,78,10.609246253967285,79,1.338918732978035e-07,6.41614473985889e-14,-6.873245782129347,-13.19272584749618,0
0,4,3,0,0.3,0.4,80,0.0,0.0,79,10.758130550384521,80,1.128691998080067e-07,4.535381426916503e-14,-6.947424553897479,-13.343386182773848,0
0,4,3,0,0.3,0.4,80,0.0,0.0,80,10.909124374389648,81,9.514734848994346e-08,3.1963474301771295e-14,-7.021603309870195,-13.495346020719726,0
