Type,N,epsilon,Method,hit_1e3,hit_1e4,final_gibbs,final_e_tr,dist_pi_lbfgs,primal,dual
Ising,3,0.001,L-BFGS,57.0,82.0,57179,3.587108221836388e-05,0.0,-0.9347434133076508,-0.934753231647674
Ising,3,0.001,KL $\eta=\varepsilon/N$,13645.0,29430.0,29430,9.999768167867629e-05,0.0006246437440668868,-0.9347566252809216,-0.9347532561262712
Ising,3,0.001,KL $\eta=\varepsilon$,4549.0,9810.0,9810,9.996428861308582e-05,0.0006245577900999267,-0.9347566241556018,-0.9347532561098624
Ising,3,0.001,MD $M=1$,12641.0,23905.0,23905,9.995705913307118e-05,0.000562146736602378,-0.934753663370394,-0.9347532580587198
Ising,3,0.001,MD $M=2$,11646.0,22837.0,22837,9.996061299216707e-05,0.0005654298796140397,-0.9347538262261902,-0.934753258011376
Ising,3,0.001,MD $M=5$,10848.0,21860.0,21860,9.988097767715808e-05,0.0005666283173755302,-0.9347538886587878,-0.9347532579754976
Ising,4,0.001,L-BFGS,75.0,127.0,57088,0.000279267609585,0.0,-0.9354499107905146,-0.9354440763272244
Ising,4,0.001,KL $\eta=\varepsilon/N$,14738.0,64601.0,64601,9.999806722571504e-05,0.0005346057859232374,-0.9354472020783904,-0.9354441343340584
Ising,4,0.001,KL $\eta=\varepsilon$,3684.0,16149.0,16149,9.998843232117416e-05,0.0005345566188910835,-0.9354472017824628,-0.935444134322868
Ising,4,0.001,MD $M=1$,12002.0,37116.0,37116,9.995284328429e-05,0.0005311632523070772,-0.9354770306038336,-0.9354441393249264
Ising,4,0.001,MD $M=2$,12058.0,37132.0,37132,9.991333742848107e-05,0.000531723311682843,-0.9354773505506097,-0.9354441392758176
Ising,4,0.001,MD $M=5$,12238.0,37190.0,37190,9.992326291397012e-05,0.0005301989934644311,-0.9354768198241724,-0.9354441391854948
Ising,5,0.001,L-BFGS,33.0,41.0,60358,4.747807906824164e-05,0.0,-0.945504323216577,-0.94551365337627
Ising,5,0.001,KL $\eta=\varepsilon/N$,9506.0,16687.0,16687,9.99793123668824e-05,0.0019158319696472269,-0.9455171994181356,-0.9455142035337024
Ising,5,0.001,KL $\eta=\varepsilon$,1902.0,3338.0,3338,9.984084195097108e-05,0.0019157722864981616,-0.9455171952758866,-0.9455142035140128
Ising,5,0.001,MD $M=1$,9064.0,12985.0,12985,9.993442778435946e-05,0.0019201875236898383,-0.945512650747176,-0.9455142102369176
Ising,5,0.001,MD $M=2$,9030.0,12770.0,12770,9.990350538519044e-05,0.0019197288274553142,-0.945512587464736,-0.9455142100200884
Ising,5,0.001,MD $M=5$,8519.0,12049.0,12049,9.97956954910395e-05,0.0019191327081207825,-0.945512700797982,-0.9455142094495964
Ising,6,0.001,L-BFGS,61.0,233.0,58387,4.115861520403996e-05,0.0,-0.9554932326985196,-0.9555035931658232
Ising,6,0.001,KL $\eta=\varepsilon/N$,29918.0,54084.0,54084,9.999869835419783e-05,0.0015072885226258864,-0.955509905382534,-0.9555038581161924
Ising,6,0.001,KL $\eta=\varepsilon$,4987.0,9014.0,9014,9.99503077731556e-05,0.0015073899105391094,-0.9555099025601352,-0.955503858168542
Ising,6,0.001,MD $M=1$,16098.0,24119.0,24119,9.983594257784167e-05,0.0019521729108901435,-0.9555052388215344,-0.9555040270384088
Ising,6,0.001,MD $M=2$,17004.0,24801.0,24801,9.99088665776804e-05,0.0019322575423468913,-0.955505229688822,-0.9555040172943964
Ising,6,0.001,MD $M=5$,19798.0,26995.0,26995,9.98945870025747e-05,0.001859793759951312,-0.9555051861688778,-0.9555039860909476
Ising,7,0.001,L-BFGS,61.0,96.0,59734,5.575696377491113e-06,0.0,-0.9800663592528792,-0.980068572034642
Ising,7,0.001,KL $\eta=\varepsilon/N$,24176.0,40964.0,40964,9.998887788958966e-05,0.0007005743575389989,-0.9800747253478024,-0.980068587373871
Ising,7,0.001,KL $\eta=\varepsilon$,,,100000,0.8009538753507845,0.9548456041285514,-0.9586514633811224,-0.9824453942491688
Ising,7,0.001,MD $M=1$,13674.0,21699.0,21699,9.983118456274864e-05,0.0009973253619658823,-0.9800779968787136,-0.9800686220971028
Ising,7,0.001,MD $M=2$,14765.0,22035.0,22035,9.989481878447393e-05,0.0009439873624250926,-0.980077141898964,-0.9800686217505944
Ising,7,0.001,MD $M=5$,22542.0,25331.0,25331,9.992285017479396e-05,0.0008012141759791477,-0.980073400077868,-0.9800686279016824
Random,3,0.001,L-BFGS,93.0,97.0,63891,4.796695793629624e-05,0.0,-0.8711134226791196,-0.8711098562193067
Random,3,0.001,KL $\eta=\varepsilon/N$,32590.0,,45824,0.000116203769388,0.00044156333889467346,-0.871135909894342,-0.8711098766045406
Random,3,0.001,KL $\eta=\varepsilon$,10863.0,,15274,0.0001161840922295,0.000441481222353593,-0.8711359054559745,-0.871109876597619
Random,3,0.001,MD $M=1$,28495.0,36815.0,36815,9.999380883656918e-05,0.00048258996237405665,-0.8711273116851467,-0.8711098810377298
Random,3,0.001,MD $M=2$,27767.0,34709.0,34709,9.995493231124554e-05,0.0004551825991165403,-0.8711294277161549,-0.8711098780081491
Random,3,0.001,MD $M=5$,34456.0,43905.0,43905,9.985950605898852e-05,0.0003107650175551653,-0.8711322765295201,-0.8711098767460524
Random,4,0.001,L-BFGS,93.0,151.0,57198,3.804164589382708e-05,0.0,-0.8369838125554101,-0.8369801676671716
Random,4,0.001,KL $\eta=\varepsilon/N$,13274.0,22859.0,22859,9.999229760033924e-05,0.0002780396822958409,-0.8369845805764254,-0.8369801834267925
Random,4,0.001,KL $\eta=\varepsilon$,3318.0,5715.0,5715,9.991459713898108e-05,0.00027786337505164376,-0.8369845727557017,-0.8369801834108709
Random,4,0.001,MD $M=1$,11997.0,18528.0,18528,9.963384327813368e-05,0.00032510751500768335,-0.8369810542892897,-0.8369801855388392
Random,4,0.001,MD $M=2$,12601.0,18699.0,18699,9.905658625692458e-05,0.00033292354794833357,-0.8369845634389138,-0.8369801846259355
Random,4,0.001,MD $M=5$,14961.0,18732.0,18732,9.961971958623308e-05,0.000339056757845096,-0.836988356063435,-0.8369801807615292
Random,5,0.001,L-BFGS,52.0,67.0,57634,4.706875915871933e-05,0.0,-0.9510184521572468,-0.9510230826121188
Random,5,0.001,KL $\eta=\varepsilon/N$,11743.0,20239.0,20239,9.999974099628072e-05,0.00039758007313563863,-0.9510261381216736,-0.951023092940932
Random,5,0.001,KL $\eta=\varepsilon$,2349.0,4047.0,4047,9.999614815623618e-05,0.000397615744993578,-0.9510261376012424,-0.9510230929476872
Random,5,0.001,MD $M=1$,11434.0,18380.0,18380,9.99167026598254e-05,0.0004062133631092469,-0.9510243053134289,-0.9510231030952312
Random,5,0.001,MD $M=2$,11461.0,18659.0,18659,9.976196548219592e-05,0.00042651667652557443,-0.951026027188272,-0.951023103092512
Random,5,0.001,MD $M=5$,12226.0,19289.0,19289,9.966476215115604e-05,0.0004956019016480466,-0.9510305499512822,-0.9510231011207604
Random,6,0.001,L-BFGS,67.0,81.0,56040,8.179584256140515e-06,0.0,-0.9666686807661544,-0.9666681525942056
Random,6,0.001,KL $\eta=\varepsilon/N$,15251.0,26279.0,26279,9.99840295619163e-05,0.00026716698168649067,-0.9666724606715168,-0.9666681609506655
Random,6,0.001,KL $\eta=\varepsilon$,2542.0,4379.0,4379,9.9932519328516e-05,0.0002670169297883566,-0.9666724571300708,-0.9666681609409076
Random,6,0.001,MD $M=1$,14557.0,22696.0,22696,9.948704070468912e-05,0.0004991046719160792,-0.9666806153539064,-0.9666681718652465
Random,6,0.001,MD $M=2$,14377.0,22493.0,22493,9.991359860178833e-05,0.0005012811136435734,-0.9666807814743024,-0.9666681718099998
Random,6,0.001,MD $M=5$,14285.0,21668.0,21668,9.998000316004878e-05,0.000496957059145123,-0.966681073996158,-0.9666681713252924
Random,7,0.001,L-BFGS,21.0,25.0,44241,1.5251868035193183e-06,0.0,-0.9891755657188512,-0.9891757738357478
Random,7,0.001,KL $\eta=\varepsilon/N$,18736.0,31518.0,31518,9.999847680999676e-05,0.0003460636152627652,-0.9891850773424112,-0.989175787586168
Random,7,0.001,KL $\eta=\varepsilon$,2676.0,4501.0,4501,9.999560837941216e-05,0.00034603745566156186,-0.9891850742757607,-0.9891757875846764
Random,7,0.001,MD $M=1$,18719.0,29497.0,29497,9.99861783186296e-05,0.00048135028882926624,-0.989189671866038,-0.9891758000843044
Random,7,0.001,MD $M=2$,18733.0,29499.0,29499,9.9990358313785e-05,0.0004811037185544226,-0.9891896654217074,-0.9891758000618064
Random,7,0.001,MD $M=5$,18761.0,29499.0,29499,9.993699453698896e-05,0.00048075633889726533,-0.9891896557404832,-0.989175800057887
