method,mode,converged,iters,gibbs_calls,warmup_gibbs_calls,total_with_warm_gibbs,time_sec,warmup_time_sec,total_with_warm_time_sec,final_F_marg,final_e_tr,final_trace_sum,final_cost,stage_gibbs_calls,stage_iters,eps_schedule,small_kind,small_case,N,seed,paper79_label,eps_final,eps0,q,max_inner,warm_method,warm_variant,source_file,source_root
KL descent (eta=eps/N),cold,False,100000,100001,0,100001,177.72147035598755,0.0,177.72147035598755,1.5436849183125224e-06,0.0011663588536191,0.0023556789749882,-0.935024916941323,,,,ising,mixed,4,0,small_ising_mixed_N4_seed0,0.0001,1.0,10.0,100000,matched,KL descent (eta=eps/N),hpc_warm_qubit_eps/N4/ising_mixed_seed0_warm_eps1em04.csv,warm
KL descent (eta=eps/N),warm_matched,True,1,2,30409,30411,0.0011157989501953,54.23208546638489,54.23320126533508,9.997628221294327e-09,9.471024778440196e-05,0.0002488804283727,-0.9349993568213292,22;547;551;1884;27405,21;546;550;1883;27404,1.0;0.1;0.01;0.001;0.0001,ising,mixed,4,0,small_ising_mixed_N4_seed0,0.0001,1.0,10.0,100000,matched,KL descent (eta=eps/N),hpc_warm_qubit_eps/N4/ising_mixed_seed0_warm_eps1em04.csv,warm
KL descent (eta=eps),cold,False,100000,100001,0,100001,177.8892469406128,0.0,177.8892469406128,9.776221187219329e-08,0.000300613946352,0.0005849241081973,-0.9350020307537928,,,,ising,mixed,4,0,small_ising_mixed_N4_seed0,0.0001,1.0,10.0,100000,matched,KL descent (eta=eps),hpc_warm_qubit_eps/N4/ising_mixed_seed0_warm_eps1em04.csv,warm
KL descent (eta=eps),warm_matched,True,1,2,7690,7692,0.0011353492736816,13.663754224777222,13.664889574050903,9.989137902433764e-09,0.0001022323170229,0.0002394950068878,-0.9349987478575752,6;138;137;472;6937,5;137;136;471;6936,1.0;0.1;0.01;0.001;0.0001,ising,mixed,4,0,small_ising_mixed_N4_seed0,0.0001,1.0,10.0,100000,matched,KL descent (eta=eps),hpc_warm_qubit_eps/N4/ising_mixed_seed0_warm_eps1em04.csv,warm
MD-Sinkhorn (M=1),cold,False,100000,251683,0,251683,182.8007607460022,0.0,182.8007607460022,1.0607917502286997e-07,0.0002999379638426,0.0007650235391922,-0.9350305880475308,,,,ising,mixed,4,0,small_ising_mixed_N4_seed0,0.0001,1.0,10.0,100000,matched,MD-Sinkhorn (M=1),hpc_warm_qubit_eps/N4/ising_mixed_seed0_warm_eps1em04.csv,warm
MD-Sinkhorn (M=1),warm_matched,False,100000,1,35429,35430,55.631372690200806,69.54242634773254,125.17379903793336,2.147075524231541e-08,9.9991854648096e-05,0.0003958309535264,-0.9349899404585222,13;389;505;1844;32678,3;135;128;461;100000,1.0;0.1;0.01;0.001;0.0001,ising,mixed,4,0,small_ising_mixed_N4_seed0,0.0001,1.0,10.0,100000,matched,MD-Sinkhorn (M=1),hpc_warm_qubit_eps/N4/ising_mixed_seed0_warm_eps1em04.csv,warm
MD-Sinkhorn (M=2),cold,False,100000,367254,0,367254,203.99797320365903,0.0,203.99797320365903,2.122467952405521e-08,9.999497214413512e-05,0.0003934001858061,-0.935026485379435,,,,ising,mixed,4,0,small_ising_mixed_N4_seed0,0.0001,1.0,10.0,100000,matched,MD-Sinkhorn (M=2),hpc_warm_qubit_eps/N4/ising_mixed_seed0_warm_eps1em04.csv,warm
MD-Sinkhorn (M=2),warm_matched,False,100000,1,77817,77818,55.58127236366272,86.87029528617859,142.4515676498413,1.9223786671364516e-08,9.999859205278572e-05,0.0003710693211815,-0.9349862303983194,23;452;497;1879;74966,3;78;62;235;100000,1.0;0.1;0.01;0.001;0.0001,ising,mixed,4,0,small_ising_mixed_N4_seed0,0.0001,1.0,10.0,100000,matched,MD-Sinkhorn (M=2),hpc_warm_qubit_eps/N4/ising_mixed_seed0_warm_eps1em04.csv,warm
MD-Sinkhorn (M=5),cold,False,100000,367573,0,367573,204.1528947353363,0.0,204.1528947353363,2.1282028157140428e-08,9.999614280914448e-05,0.0003939750794016,-0.935026573600856,,,,ising,mixed,4,0,small_ising_mixed_N4_seed0,0.0001,1.0,10.0,100000,matched,MD-Sinkhorn (M=5),hpc_warm_qubit_eps/N4/ising_mixed_seed0_warm_eps1em04.csv,warm
MD-Sinkhorn (M=5),warm_matched,False,100000,1,122357,122358,56.01103186607361,105.74388408660889,161.7549159526825,1.702702938373611e-08,9.999240859642766e-05,0.00033273265289,-0.9349802066993076,26;645;481;1961;119244,3;46;24;98;100000,1.0;0.1;0.01;0.001;0.0001,ising,mixed,4,0,small_ising_mixed_N4_seed0,0.0001,1.0,10.0,100000,matched,MD-Sinkhorn (M=5),hpc_warm_qubit_eps/N4/ising_mixed_seed0_warm_eps1em04.csv,warm
KL descent (eta=eps/N),cold,False,100000,100001,0,100001,93.08627891540527,0.0,93.08627891540527,0.0310484440894853,0.2328362467172879,0.3330509900071822,-0.981979830585516,,,,ising,mixed,4,0,small_ising_mixed_N4_seed0,1e-08,1.0,10.0,100000,matched,KL descent (eta=eps/N),hpc_warm_qubit_eps/N4/ising_mixed_seed0_warm_eps1em08.csv,warm
KL descent (eta=eps/N),warm_matched,False,100000,100001,126509,226510,94.13174366950987,119.60743808746338,213.73918175697327,1.592706670284431e-06,0.0009977855777469,0.0032595153498658,-0.9350837973433552,22;547;551;1884;4791;6106;6294;6313;100001,21;546;550;1883;4790;6105;6293;6312;100000,1.0;0.1;0.01;0.001;0.0001;1e-05;1e-06;1e-07;1e-08,ising,mixed,4,0,small_ising_mixed_N4_seed0,1e-08,1.0,10.0,100000,matched,KL descent (eta=eps/N),hpc_warm_qubit_eps/N4/ising_mixed_seed0_warm_eps1em08.csv,warm
KL descent (eta=eps),cold,False,100000,100001,0,100001,93.18850588798524,0.0,93.18850588798524,0.0309634412127078,0.2322974754260325,0.332990296595799,-0.981979777358282,,,,ising,mixed,4,0,small_ising_mixed_N4_seed0,1e-08,1.0,10.0,100000,matched,KL descent (eta=eps),hpc_warm_qubit_eps/N4/ising_mixed_seed0_warm_eps1em08.csv,warm
KL descent (eta=eps),warm_matched,False,100000,100001,106611,206612,94.47907948493958,100.87585282325745,195.35493230819705,1.5721612130105834e-06,0.0009909276742532,0.0032380962615116,-0.935082809665552,6;138;137;472;1195;1521;1570;1571;100001,5;137;136;471;1194;1520;1569;1570;100000,1.0;0.1;0.01;0.001;0.0001;1e-05;1e-06;1e-07;1e-08,ising,mixed,4,0,small_ising_mixed_N4_seed0,1e-08,1.0,10.0,100000,matched,KL descent (eta=eps),hpc_warm_qubit_eps/N4/ising_mixed_seed0_warm_eps1em08.csv,warm
MD-Sinkhorn (M=1),cold,False,100000,400001,0,400001,212.12614846229556,0.0,212.12614846229556,0.0309634412201564,0.2322974754744721,0.3329902965978366,-0.9819797773582896,,,,ising,mixed,4,0,small_ising_mixed_N4_seed0,1e-08,1.0,10.0,100000,matched,MD-Sinkhorn (M=1),hpc_warm_qubit_eps/N4/ising_mixed_seed0_warm_eps1em08.csv,warm
MD-Sinkhorn (M=1),warm_matched,False,100000,400001,421505,821506,215.1835086345673,228.05725121498108,443.24075984954834,1.5218883313830771e-06,0.0009927948054072,0.0031839741176222,-0.9350733421639612,13;389;505;1844;4962;6601;6801;393;399997,3;135;128;461;1241;1651;1701;99;100000,1.0;0.1;0.01;0.001;0.0001;1e-05;1e-06;1e-07;1e-08,ising,mixed,4,0,small_ising_mixed_N4_seed0,1e-08,1.0,10.0,100000,matched,MD-Sinkhorn (M=1),hpc_warm_qubit_eps/N4/ising_mixed_seed0_warm_eps1em08.csv,warm
MD-Sinkhorn (M=2),cold,False,100000,800001,0,800001,374.7118875980377,0.0,374.7118875980377,0.0308519047861104,0.2315848203368891,0.3329097186396124,-0.9819796090073292,,,,ising,mixed,4,0,small_ising_mixed_N4_seed0,1e-08,1.0,10.0,100000,matched,MD-Sinkhorn (M=2),hpc_warm_qubit_eps/N4/ising_mixed_seed0_warm_eps1em08.csv,warm
MD-Sinkhorn (M=2),warm_matched,False,100000,800001,815856,1615857,381.55743741989136,389.148389339447,770.7058267593384,1.379392523184449e-06,0.0009922293721926,0.0030322082177914,-0.9350615777771902,23;452;497;1879;5313;6933;381;381;799997,3;78;62;235;664;867;48;48;100000,1.0;0.1;0.01;0.001;0.0001;1e-05;1e-06;1e-07;1e-08,ising,mixed,4,0,small_ising_mixed_N4_seed0,1e-08,1.0,10.0,100000,matched,MD-Sinkhorn (M=2),hpc_warm_qubit_eps/N4/ising_mixed_seed0_warm_eps1em08.csv,warm
MD-Sinkhorn (M=5),cold,False,100000,2000001,0,2000001,859.6759445667267,0.0,859.6759445667267,0.0305292738799532,0.2294854320007459,0.3326703273881157,-0.981978464627312,,,,ising,mixed,4,0,small_ising_mixed_N4_seed0,1e-08,1.0,10.0,100000,matched,MD-Sinkhorn (M=5),hpc_warm_qubit_eps/N4/ising_mixed_seed0_warm_eps1em08.csv,warm
MD-Sinkhorn (M=5),warm_matched,False,100000,2000001,2016878,4016879,872.415855884552,879.0043325424194,1751.4201884269714,1.1944334899587343e-06,0.0009744510866604,0.0028166767680807,-0.93503421939722,26;645;481;1961;5641;7376;376;376;1999996,3;46;24;98;282;369;19;19;100000,1.0;0.1;0.01;0.001;0.0001;1e-05;1e-06;1e-07;1e-08,ising,mixed,4,0,small_ising_mixed_N4_seed0,1e-08,1.0,10.0,100000,matched,MD-Sinkhorn (M=5),hpc_warm_qubit_eps/N4/ising_mixed_seed0_warm_eps1em08.csv,warm
KL descent (eta=eps/N),cold,False,100000,100001,0,100001,104.2790551185608,0.0,104.2790551185608,0.0310770360771398,0.2330166391858863,0.333071268926704,-0.9819798341599216,,,,ising,mixed,4,0,small_ising_mixed_N4_seed0,1e-12,1.0,10.0,100000,matched,KL descent (eta=eps/N),hpc_warm_qubit_eps/N4/ising_mixed_seed0_warm_eps1em12.csv,warm
KL descent (eta=eps/N),warm_matched,False,100000,100001,132507,232508,105.5571768283844,139.6003818511963,245.1575586795807,1.6172711841497972e-06,0.0009810023373358,0.0033110559769644,-0.935074780717274,22;547;551;1884;4791;6106;6294;6313;4604;504;466;424;100001,21;546;550;1883;4790;6105;6293;6312;4603;503;465;423;100000,1.0;0.1;0.01;0.001;0.0001;1e-05;1e-06;1e-07;1e-08;1e-09;1e-10;1e-11;1e-12,ising,mixed,4,0,small_ising_mixed_N4_seed0,1e-12,1.0,10.0,100000,matched,KL descent (eta=eps/N),hpc_warm_qubit_eps/N4/ising_mixed_seed0_warm_eps1em12.csv,warm
KL descent (eta=eps),cold,False,100000,100001,0,100001,104.64645886421204,0.0,104.64645886421204,0.0310770274790263,0.2330165850010679,0.3330712628386743,-0.9819798341599212,,,,ising,mixed,4,0,small_ising_mixed_N4_seed0,1e-12,1.0,10.0,100000,matched,KL descent (eta=eps),hpc_warm_qubit_eps/N4/ising_mixed_seed0_warm_eps1em12.csv,warm
KL descent (eta=eps),warm_matched,False,100000,100001,108170,208171,104.91253328323364,113.64025354385376,218.5527868270874,1.6399636725748191e-06,0.0011624049524727,0.0031474980506103,-0.9351419471266776,6;138;137;472;1195;1521;1570;1571;1209;129;113;108;100001,5;137;136;471;1194;1520;1569;1570;1208;128;112;107;100000,1.0;0.1;0.01;0.001;0.0001;1e-05;1e-06;1e-07;1e-08;1e-09;1e-10;1e-11;1e-12,ising,mixed,4,0,small_ising_mixed_N4_seed0,1e-12,1.0,10.0,100000,matched,KL descent (eta=eps),hpc_warm_qubit_eps/N4/ising_mixed_seed0_warm_eps1em12.csv,warm
MD-Sinkhorn (M=1),cold,False,100000,400001,0,400001,237.2977132797241,0.0,237.2977132797241,0.0310770274790262,0.2330165850010671,0.3330712628386743,-0.9819798341599212,,,,ising,mixed,4,0,small_ising_mixed_N4_seed0,1e-12,1.0,10.0,100000,matched,MD-Sinkhorn (M=1),hpc_warm_qubit_eps/N4/ising_mixed_seed0_warm_eps1em12.csv,warm
MD-Sinkhorn (M=1),warm_matched,False,100000,399914,422970,822884,242.3166496753693,254.68033576011655,496.9969854354858,1.5961581715672368e-06,0.0010269150338841,0.0033319951804287,-0.9350328874879924,13;389;505;1844;4962;6601;6801;393;393;393;393;393;399890,3;135;128;461;1241;1651;1701;99;99;99;99;99;100000,1.0;0.1;0.01;0.001;0.0001;1e-05;1e-06;1e-07;1e-08;1e-09;1e-10;1e-11;1e-12,ising,mixed,4,0,small_ising_mixed_N4_seed0,1e-12,1.0,10.0,100000,matched,MD-Sinkhorn (M=1),hpc_warm_qubit_eps/N4/ising_mixed_seed0_warm_eps1em12.csv,warm
MD-Sinkhorn (M=2),cold,False,100000,800001,0,800001,419.6087238788605,0.0,419.6087238788605,0.0310770160148927,0.2330165127546969,0.3330712547213044,-0.9819798341599196,,,,ising,mixed,4,0,small_ising_mixed_N4_seed0,1e-12,1.0,10.0,100000,matched,MD-Sinkhorn (M=2),hpc_warm_qubit_eps/N4/ising_mixed_seed0_warm_eps1em12.csv,warm
MD-Sinkhorn (M=2),warm_matched,False,100000,799683,816970,1616653,483.1867544651032,436.0032606124878,919.1900150775908,1.443437675325974e-06,0.0010097537746661,0.0030473833722712,-0.935091330720656,23;452;497;1879;5313;6933;381;381;381;381;381;381;799587,3;78;62;235;664;867;48;48;48;48;48;48;100000,1.0;0.1;0.01;0.001;0.0001;1e-05;1e-06;1e-07;1e-08;1e-09;1e-10;1e-11;1e-12,ising,mixed,4,0,small_ising_mixed_N4_seed0,1e-12,1.0,10.0,100000,matched,MD-Sinkhorn (M=2),hpc_warm_qubit_eps/N4/ising_mixed_seed0_warm_eps1em12.csv,warm
MD-Sinkhorn (M=5),cold,False,100000,2000001,0,2000001,1989.738297700882,0.0,1989.738297700882,0.031076981622618,0.2330162960159854,0.3330712303692192,-0.9819798341599074,,,,ising,mixed,4,0,small_ising_mixed_N4_seed0,1e-12,1.0,10.0,100000,matched,MD-Sinkhorn (M=5),hpc_warm_qubit_eps/N4/ising_mixed_seed0_warm_eps1em12.csv,warm
MD-Sinkhorn (M=5),warm_matched,False,100000,1996481,2015684,4012165,867.0627479553223,883.7487118244171,1750.8114597797394,1.3000157498567998e-06,0.0009898143146776,0.0028962497465618,-0.93506535054946,26;645;481;1961;5641;7376;376;376;376;376;376;376;1997298,3;46;24;98;282;369;19;19;19;19;19;19;100000,1.0;0.1;0.01;0.001;0.0001;1e-05;1e-06;1e-07;1e-08;1e-09;1e-10;1e-11;1e-12,ising,mixed,4,0,small_ising_mixed_N4_seed0,1e-12,1.0,10.0,100000,matched,MD-Sinkhorn (M=5),hpc_warm_qubit_eps/N4/ising_mixed_seed0_warm_eps1em12.csv,warm
KL descent (eta=eps/N),cold,False,100000,100001,0,100001,93.88188314437866,0.0,93.88188314437866,6.077396954250289e-06,0.0025526791560201,0.0064238983058335,-0.8365611677889078,,,,random,mixed,4,0,small_random_mixed_N4_seed0,0.0001,1.0,10.0,100000,matched,KL descent (eta=eps/N),hpc_warm_qubit_eps/N4/random_mixed_seed0_warm_eps1em04.csv,warm
KL descent (eta=eps/N),warm_matched,True,1,2,78837,78839,0.0006630420684814,74.00021982192993,74.00088286399841,9.999158607553678e-09,9.244766150530648e-05,0.0002649393991276,-0.836331960032267,23;166;1127;2801;74720,22;165;1126;2800;74719,1.0;0.1;0.01;0.001;0.0001,random,mixed,4,0,small_random_mixed_N4_seed0,0.0001,1.0,10.0,100000,matched,KL descent (eta=eps/N),hpc_warm_qubit_eps/N4/random_mixed_seed0_warm_eps1em04.csv,warm
KL descent (eta=eps),cold,True,58746,58747,0,58747,55.30054330825806,0.0,55.30054330825806,9.99941617852946e-09,8.728105843357145e-05,0.0002497491968811,-0.8363308180244092,,,,random,mixed,4,0,small_random_mixed_N4_seed0,0.0001,1.0,10.0,100000,matched,KL descent (eta=eps),hpc_warm_qubit_eps/N4/random_mixed_seed0_warm_eps1em04.csv,warm
KL descent (eta=eps),warm_matched,True,1,2,19637,19639,0.0005872249603271,18.57459306716919,18.57518029212952,9.997744741926831e-09,9.301573238212672e-05,0.0002646645602283,-0.8363320561006211,5;41;282;700;18609,4;40;281;699;18608,1.0;0.1;0.01;0.001;0.0001,random,mixed,4,0,small_random_mixed_N4_seed0,0.0001,1.0,10.0,100000,matched,KL descent (eta=eps),hpc_warm_qubit_eps/N4/random_mixed_seed0_warm_eps1em04.csv,warm
MD-Sinkhorn (M=1),cold,False,100000,186015,0,186015,129.8774380683899,0.0,129.8774380683899,1.900335553491628e-08,9.997242778223472e-05,0.0003672420657407,-0.8363278696674161,,,,random,mixed,4,0,small_random_mixed_N4_seed0,0.0001,1.0,10.0,100000,matched,MD-Sinkhorn (M=1),hpc_warm_qubit_eps/N4/random_mixed_seed0_warm_eps1em04.csv,warm
MD-Sinkhorn (M=1),warm_matched,False,100000,1,60333,60334,56.37257409095764,80.81234550476074,137.18491959571838,2.0697853891986905e-08,9.99744693487513e-05,0.0003892883953149,-0.8363369526493313,13;149;1065;2513;56593,3;37;266;628;100000,1.0;0.1;0.01;0.001;0.0001,random,mixed,4,0,small_random_mixed_N4_seed0,0.0001,1.0,10.0,100000,matched,MD-Sinkhorn (M=1),hpc_warm_qubit_eps/N4/random_mixed_seed0_warm_eps1em04.csv,warm
MD-Sinkhorn (M=2),cold,False,100000,187925,0,187925,132.01010012626648,0.0,132.01010012626648,1.9197758156060192e-08,9.974232678390648e-05,0.0003726520989792,-0.8363314288050461,,,,random,mixed,4,0,small_random_mixed_N4_seed0,0.0001,1.0,10.0,100000,matched,MD-Sinkhorn (M=2),hpc_warm_qubit_eps/N4/random_mixed_seed0_warm_eps1em04.csv,warm
MD-Sinkhorn (M=2),warm_matched,False,100000,1,56042,56043,55.84698820114136,79.21063232421875,135.0576205253601,2.0347272695402192e-08,9.992088798931488e-05,0.0003874340097624,-0.8363365152198142,22;167;1089;2297;52467,3;21;136;287;100000,1.0;0.1;0.01;0.001;0.0001,random,mixed,4,0,small_random_mixed_N4_seed0,0.0001,1.0,10.0,100000,matched,MD-Sinkhorn (M=2),hpc_warm_qubit_eps/N4/random_mixed_seed0_warm_eps1em04.csv,warm
MD-Sinkhorn (M=5),cold,False,100000,188433,0,188433,133.08424544334412,0.0,133.08424544334412,2.0379866974277907e-08,9.973717865319748e-05,0.0003843116652403,-0.8363364890590357,,,,random,mixed,4,0,small_random_mixed_N4_seed0,0.0001,1.0,10.0,100000,matched,MD-Sinkhorn (M=5),hpc_warm_qubit_eps/N4/random_mixed_seed0_warm_eps1em04.csv,warm
MD-Sinkhorn (M=5),warm_matched,False,100000,1,45425,45426,56.51601886749268,74.58107471466064,131.09709358215332,1.5227030442933312e-08,9.992479538552792e-05,0.000332526220972,-0.836341423290488,26;236;1214;1795;42154,3;12;61;91;100000,1.0;0.1;0.01;0.001;0.0001,random,mixed,4,0,small_random_mixed_N4_seed0,0.0001,1.0,10.0,100000,matched,MD-Sinkhorn (M=5),hpc_warm_qubit_eps/N4/random_mixed_seed0_warm_eps1em04.csv,warm
KL descent (eta=eps/N),cold,False,100000,100001,0,100001,222.44151902198792,0.0,222.44151902198792,0.4360962007790991,0.603366336602579,1.676522612452832,-0.9269641193024284,,,,random,mixed,4,0,small_random_mixed_N4_seed0,1e-08,1.0,10.0,100000,matched,KL descent (eta=eps/N),hpc_warm_qubit_eps/N4/random_mixed_seed0_warm_eps1em08.csv,warm
KL descent (eta=eps/N),warm_matched,False,100000,100001,111406,211407,92.3563621044159,124.24605321884157,216.60241532325745,8.889440453149257e-07,0.0010382857465004,0.0023229630894294,-0.8364325907306509,23;166;1127;2801;6767;173;174;174;100001,22;165;1126;2800;6766;172;173;173;100000,1.0;0.1;0.01;0.001;0.0001;1e-05;1e-06;1e-07;1e-08,random,mixed,4,0,small_random_mixed_N4_seed0,1e-08,1.0,10.0,100000,matched,KL descent (eta=eps/N),hpc_warm_qubit_eps/N4/random_mixed_seed0_warm_eps1em08.csv,warm
KL descent (eta=eps),cold,False,100000,100001,0,100001,92.50749397277832,0.0,92.50749397277832,0.4341092784652791,0.6024629676433062,1.6728513586401883,-0.926962875411813,,,,random,mixed,4,0,small_random_mixed_N4_seed0,1e-08,1.0,10.0,100000,matched,KL descent (eta=eps),hpc_warm_qubit_eps/N4/random_mixed_seed0_warm_eps1em08.csv,warm
KL descent (eta=eps),warm_matched,False,100000,100001,102847,202848,92.79207944869997,95.3695855140686,188.16166496276853,8.839122036721008e-07,0.0010355242230273,0.002314911640758,-0.8364325142765909,5;41;282;700;1692;42;42;42;100001,4;40;281;699;1691;41;41;41;100000,1.0;0.1;0.01;0.001;0.0001;1e-05;1e-06;1e-07;1e-08,random,mixed,4,0,small_random_mixed_N4_seed0,1e-08,1.0,10.0,100000,matched,KL descent (eta=eps),hpc_warm_qubit_eps/N4/random_mixed_seed0_warm_eps1em08.csv,warm
MD-Sinkhorn (M=1),cold,False,100000,400001,0,400001,214.58281588554385,0.0,214.58281588554385,0.4341092784984073,0.6024629676565751,1.6728513587014389,-0.9269628754118462,,,,random,mixed,4,0,small_random_mixed_N4_seed0,1e-08,1.0,10.0,100000,matched,MD-Sinkhorn (M=1),hpc_warm_qubit_eps/N4/random_mixed_seed0_warm_eps1em08.csv,warm
MD-Sinkhorn (M=1),warm_matched,False,100000,400001,410485,810486,214.0867578983307,219.39355659484863,433.4803144931793,8.751229220149682e-07,0.0010358203387022,0.0022941594464085,-0.8364413125454393,13;149;1065;2513;6225;173;173;173;400001,3;37;266;628;1556;43;43;43;100000,1.0;0.1;0.01;0.001;0.0001;1e-05;1e-06;1e-07;1e-08,random,mixed,4,0,small_random_mixed_N4_seed0,1e-08,1.0,10.0,100000,matched,MD-Sinkhorn (M=1),hpc_warm_qubit_eps/N4/random_mixed_seed0_warm_eps1em08.csv,warm
MD-Sinkhorn (M=2),cold,False,100000,800001,0,800001,381.2260737419128,0.0,381.2260737419128,0.4314672349894403,0.6012572820508517,1.6679544184191688,-0.9269588962662606,,,,random,mixed,4,0,small_random_mixed_N4_seed0,1e-08,1.0,10.0,100000,matched,MD-Sinkhorn (M=2),hpc_warm_qubit_eps/N4/random_mixed_seed0_warm_eps1em08.csv,warm
MD-Sinkhorn (M=2),warm_matched,False,100000,800001,809980,1609981,378.7360827922821,383.8771574497223,762.6132402420044,9.2764683586019e-07,0.0010316896314603,0.0023793268148185,-0.8364606873794547,22;167;1089;2297;5873;177;177;177;800001,3;21;136;287;734;22;22;22;100000,1.0;0.1;0.01;0.001;0.0001;1e-05;1e-06;1e-07;1e-08,random,mixed,4,0,small_random_mixed_N4_seed0,1e-08,1.0,10.0,100000,matched,MD-Sinkhorn (M=2),hpc_warm_qubit_eps/N4/random_mixed_seed0_warm_eps1em08.csv,warm
MD-Sinkhorn (M=5),cold,False,100000,2000001,0,2000001,876.4889807701111,0.0,876.4889807701111,0.4235895915211591,0.5976315921995751,1.6532490723626108,-0.926931061343488,,,,random,mixed,4,0,small_random_mixed_N4_seed0,1e-08,1.0,10.0,100000,matched,MD-Sinkhorn (M=5),hpc_warm_qubit_eps/N4/random_mixed_seed0_warm_eps1em08.csv,warm
MD-Sinkhorn (M=5),warm_matched,False,100000,2000001,2008609,4008610,874.4101893901825,875.338942527771,1749.7491319179535,1.0668844345058328e-06,0.0010148637069397,0.0026121138562536,-0.8364857415928029,26;236;1214;1795;4801;180;179;179;1999999,3;12;61;91;240;9;9;9;100000,1.0;0.1;0.01;0.001;0.0001;1e-05;1e-06;1e-07;1e-08,random,mixed,4,0,small_random_mixed_N4_seed0,1e-08,1.0,10.0,100000,matched,MD-Sinkhorn (M=5),hpc_warm_qubit_eps/N4/random_mixed_seed0_warm_eps1em08.csv,warm
KL descent (eta=eps/N),cold,False,100000,100001,0,100001,119.74384760856628,0.0,119.74384760856628,0.4367594751035624,0.6036672626583242,1.677745975192212,-0.9269642022465576,,,,random,mixed,4,0,small_random_mixed_N4_seed0,1e-12,1.0,10.0,100000,matched,KL descent (eta=eps/N),hpc_warm_qubit_eps/N4/random_mixed_seed0_warm_eps1em12.csv,warm
KL descent (eta=eps/N),warm_matched,False,100000,100001,112102,212103,102.76912665367126,104.83027148246764,207.5993981361389,9.051809162966868e-07,0.0010362046158817,0.0023603515679821,-0.836427429716528,23;166;1127;2801;6767;173;174;174;174;174;174;174;100001,22;165;1126;2800;6766;172;173;173;173;173;173;173;100000,1.0;0.1;0.01;0.001;0.0001;1e-05;1e-06;1e-07;1e-08;1e-09;1e-10;1e-11;1e-12,random,mixed,4,0,small_random_mixed_N4_seed0,1e-12,1.0,10.0,100000,matched,KL descent (eta=eps/N),hpc_warm_qubit_eps/N4/random_mixed_seed0_warm_eps1em12.csv,warm
KL descent (eta=eps),cold,False,100000,100001,0,100001,103.11527013778688,0.0,103.11527013778688,0.4367592760236564,0.6036671723838515,1.6777456081662665,-0.926964202246545,,,,random,mixed,4,0,small_random_mixed_N4_seed0,1e-12,1.0,10.0,100000,matched,KL descent (eta=eps),hpc_warm_qubit_eps/N4/random_mixed_seed0_warm_eps1em12.csv,warm
KL descent (eta=eps),warm_matched,False,100000,100001,103016,203017,102.75696682929993,105.72954201698305,208.48650884628296,9.03759688252266e-07,0.0010571595608069,0.0023239440429149,-0.836420916046323,5;41;282;700;1692;42;42;42;42;42;42;43;100001,4;40;281;699;1691;41;41;41;41;41;41;42;100000,1.0;0.1;0.01;0.001;0.0001;1e-05;1e-06;1e-07;1e-08;1e-09;1e-10;1e-11;1e-12,random,mixed,4,0,small_random_mixed_N4_seed0,1e-12,1.0,10.0,100000,matched,KL descent (eta=eps),hpc_warm_qubit_eps/N4/random_mixed_seed0_warm_eps1em12.csv,warm
MD-Sinkhorn (M=1),cold,False,100000,400001,0,400001,236.928231716156,0.0,236.928231716156,0.4367592760236564,0.6036671723838515,1.6777456081662665,-0.926964202246545,,,,random,mixed,4,0,small_random_mixed_N4_seed0,1e-12,1.0,10.0,100000,matched,MD-Sinkhorn (M=1),hpc_warm_qubit_eps/N4/random_mixed_seed0_warm_eps1em12.csv,warm
MD-Sinkhorn (M=1),warm_matched,False,100000,400001,411177,811178,234.69876194000244,241.2933967113495,475.99215865135193,8.784672171574195e-07,0.0010509027494104,0.002285332502925,-0.8364368666433168,13;149;1065;2513;6225;173;173;173;173;173;173;173;400001,3;37;266;628;1556;43;43;43;43;43;43;43;100000,1.0;0.1;0.01;0.001;0.0001;1e-05;1e-06;1e-07;1e-08;1e-09;1e-10;1e-11;1e-12,random,mixed,4,0,small_random_mixed_N4_seed0,1e-12,1.0,10.0,100000,matched,MD-Sinkhorn (M=1),hpc_warm_qubit_eps/N4/random_mixed_seed0_warm_eps1em12.csv,warm
MD-Sinkhorn (M=2),cold,False,100000,800001,0,800001,415.0530185699463,0.0,415.0530185699463,0.4367590105838531,0.6036670520178764,1.677745118798319,-0.9269642022465054,,,,random,mixed,4,0,small_random_mixed_N4_seed0,1e-12,1.0,10.0,100000,matched,MD-Sinkhorn (M=2),hpc_warm_qubit_eps/N4/random_mixed_seed0_warm_eps1em12.csv,warm
MD-Sinkhorn (M=2),warm_matched,False,100000,799998,810683,1610681,410.7854845523834,416.6350114345551,827.4204959869385,9.921754679832694e-07,0.000988017212296,0.0025389033539885,-0.8364634424483689,22;167;1089;2297;5873;177;177;177;177;177;177;177;799996,3;21;136;287;734;22;22;22;22;22;22;22;100000,1.0;0.1;0.01;0.001;0.0001;1e-05;1e-06;1e-07;1e-08;1e-09;1e-10;1e-11;1e-12,random,mixed,4,0,small_random_mixed_N4_seed0,1e-12,1.0,10.0,100000,matched,MD-Sinkhorn (M=2),hpc_warm_qubit_eps/N4/random_mixed_seed0_warm_eps1em12.csv,warm
MD-Sinkhorn (M=5),cold,False,100000,2000001,0,2000001,910.666214466095,0.0,910.666214466095,0.4367582142649463,0.6036666909198735,1.6777436506943542,-0.9269642022462266,,,,random,mixed,4,0,small_random_mixed_N4_seed0,1e-12,1.0,10.0,100000,matched,MD-Sinkhorn (M=5),hpc_warm_qubit_eps/N4/random_mixed_seed0_warm_eps1em12.csv,warm
MD-Sinkhorn (M=5),warm_matched,False,100000,1983911,1993064,3976975,850.8510050773621,891.3228938579559,1742.173898935318,1.1689667474039175e-06,0.0010002953058992,0.0027828055570332,-0.8364965848258402,26;236;1214;1795;4801;180;179;179;179;179;179;179;1983738,3;12;61;91;240;9;9;9;9;9;9;9;100000,1.0;0.1;0.01;0.001;0.0001;1e-05;1e-06;1e-07;1e-08;1e-09;1e-10;1e-11;1e-12,random,mixed,4,0,small_random_mixed_N4_seed0,1e-12,1.0,10.0,100000,matched,MD-Sinkhorn (M=5),hpc_warm_qubit_eps/N4/random_mixed_seed0_warm_eps1em12.csv,warm
KL descent (eta=eps/N),cold,True,65441,65442,0,65442,180.4023561477661,0.0,180.4023561477661,9.999901603659016e-09,9.615781511557175e-05,0.0001869737065693,-0.9349957771394072,,,,ising,mixed,4,0,small_ising_mixed_N4_seed0,0.001,1.0,10.0,100000,matched,KL descent (eta=eps/N),hpc_warm_qubit_mixed/N4/ising_mixed_seed0_warm_eps1em03.csv,warm
KL descent (eta=eps/N),warm_matched,True,1,2,5275,5277,0.0014345645904541,14.510703325271606,14.51213788986206,9.973900480195354e-09,0.0001001983631035,0.0002418082226605,-0.9350008745945544,22;547;551;4155,21;546;550;4154,1.0;0.1;0.01;0.001,ising,mixed,4,0,small_ising_mixed_N4_seed0,0.001,1.0,10.0,100000,matched,KL descent (eta=eps/N),hpc_warm_qubit_mixed/N4/ising_mixed_seed0_warm_eps1em03.csv,warm
KL descent (eta=eps),cold,True,16358,16359,0,16359,45.11537027359009,0.0,45.11537027359009,9.998850869290931e-09,9.615276378610592e-05,0.0001869638807774,-0.9349957769881724,,,,ising,mixed,4,0,small_ising_mixed_N4_seed0,0.001,1.0,10.0,100000,matched,KL descent (eta=eps),hpc_warm_qubit_mixed/N4/ising_mixed_seed0_warm_eps1em03.csv,warm
KL descent (eta=eps),warm_matched,True,1,2,1313,1315,0.0014951229095458,3.6344847679138175,3.635979890823364,9.84159219008816e-09,9.220323811209852e-05,0.0002484509775027,-0.9350007260920472,6;138;137;1032,5;137;136;1031,1.0;0.1;0.01;0.001,ising,mixed,4,0,small_ising_mixed_N4_seed0,0.001,1.0,10.0,100000,matched,KL descent (eta=eps),hpc_warm_qubit_mixed/N4/ising_mixed_seed0_warm_eps1em03.csv,warm
MD-Sinkhorn (M=1),cold,False,100000,37116,0,37116,217.55959343910217,0.0,217.55959343910217,2.106170551051861e-08,9.995284328429e-05,0.0003917603319976,-0.9350259040382431,,,,ising,mixed,4,0,small_ising_mixed_N4_seed0,0.001,1.0,10.0,100000,matched,MD-Sinkhorn (M=1),hpc_warm_qubit_mixed/N4/ising_mixed_seed0_warm_eps1em03.csv,warm
MD-Sinkhorn (M=1),warm_matched,False,100000,1,4766,4767,176.4080011844635,182.5058434009552,358.9138445854187,1.5380291273083918e-08,9.943501145370792e-05,0.0002956175958097,-0.9349919523164152,13;389;505;3859,3;135;128;100000,1.0;0.1;0.01;0.001,ising,mixed,4,0,small_ising_mixed_N4_seed0,0.001,1.0,10.0,100000,matched,MD-Sinkhorn (M=1),hpc_warm_qubit_mixed/N4/ising_mixed_seed0_warm_eps1em03.csv,warm
MD-Sinkhorn (M=2),cold,False,100000,37132,0,37132,216.37164497375488,0.0,216.37164497375488,2.1252583052596254e-08,9.991333742848107e-05,0.0003937182596512,-0.9350262260016702,,,,ising,mixed,4,0,small_ising_mixed_N4_seed0,0.001,1.0,10.0,100000,matched,MD-Sinkhorn (M=2),hpc_warm_qubit_mixed/N4/ising_mixed_seed0_warm_eps1em03.csv,warm
MD-Sinkhorn (M=2),warm_matched,False,100000,1,5512,5513,176.44860100746155,182.93661260604856,359.38521361351013,2.134115738372733e-08,9.99797127148594e-05,0.0003945008260216,-0.9349898379973218,23;452;497;4540,3;78;62;100000,1.0;0.1;0.01;0.001,ising,mixed,4,0,small_ising_mixed_N4_seed0,0.001,1.0,10.0,100000,matched,MD-Sinkhorn (M=2),hpc_warm_qubit_mixed/N4/ising_mixed_seed0_warm_eps1em03.csv,warm
MD-Sinkhorn (M=5),cold,False,100000,37190,0,37190,218.7068645954132,0.0,218.7068645954132,2.0905522900196552e-08,9.992326291397012e-05,0.0003902205254515,-0.9350256920251212,,,,ising,mixed,4,0,small_ising_mixed_N4_seed0,0.001,1.0,10.0,100000,matched,MD-Sinkhorn (M=5),hpc_warm_qubit_mixed/N4/ising_mixed_seed0_warm_eps1em03.csv,warm
MD-Sinkhorn (M=5),warm_matched,False,100000,1,11962,11963,176.6512701511383,190.4463596343994,367.0976297855377,1.846892282677577e-08,9.990935912451704e-05,0.0003608406961342,-0.9349843560261586,26;645;481;10810,3;46;24;100000,1.0;0.1;0.01;0.001,ising,mixed,4,0,small_ising_mixed_N4_seed0,0.001,1.0,10.0,100000,matched,MD-Sinkhorn (M=5),hpc_warm_qubit_mixed/N4/ising_mixed_seed0_warm_eps1em03.csv,warm
KL descent (eta=eps/N),cold,True,23481,23482,0,23482,42.52547931671143,0.0,42.52547931671143,9.999025361213038e-09,8.729287847775951e-05,0.0002496605038343,-0.836330686495111,,,,random,mixed,4,0,small_random_mixed_N4_seed0,0.001,1.0,10.0,100000,matched,KL descent (eta=eps/N),hpc_warm_qubit_mixed/N4/random_mixed_seed0_warm_eps1em03.csv,warm
KL descent (eta=eps/N),warm_matched,True,1,2,11654,11656,0.0009601116180419,20.696581840515137,20.69754195213318,9.993361082683824e-09,7.983413708523831e-05,0.0002686296891064,-0.8363298733332678,23;166;1127;10338,22;165;1126;10337,1.0;0.1;0.01;0.001,random,mixed,4,0,small_random_mixed_N4_seed0,0.001,1.0,10.0,100000,matched,KL descent (eta=eps/N),hpc_warm_qubit_mixed/N4/random_mixed_seed0_warm_eps1em03.csv,warm
KL descent (eta=eps),cold,True,5870,5871,0,5871,10.444868803024292,0.0,10.444868803024292,9.983612911140809e-09,8.720480070126114e-05,0.0002495074190815,-0.8363306788810889,,,,random,mixed,4,0,small_random_mixed_N4_seed0,0.001,1.0,10.0,100000,matched,KL descent (eta=eps),hpc_warm_qubit_mixed/N4/random_mixed_seed0_warm_eps1em03.csv,warm
KL descent (eta=eps),warm_matched,True,1,2,2903,2905,0.0009748935699462,5.1555726528167725,5.156547546386719,9.970080591913191e-09,8.031695524732798e-05,0.0002682104404958,-0.83632995026101,5;41;282;2575,4;40;281;2574,1.0;0.1;0.01;0.001,random,mixed,4,0,small_random_mixed_N4_seed0,0.001,1.0,10.0,100000,matched,KL descent (eta=eps),hpc_warm_qubit_mixed/N4/random_mixed_seed0_warm_eps1em03.csv,warm
MD-Sinkhorn (M=1),cold,False,100000,18528,0,18528,127.45729756355286,0.0,127.45729756355286,1.8954973230870038e-08,9.963384327813368e-05,0.0003671011496596,-0.8363278414206716,,,,random,mixed,4,0,small_random_mixed_N4_seed0,0.001,1.0,10.0,100000,matched,MD-Sinkhorn (M=1),hpc_warm_qubit_mixed/N4/random_mixed_seed0_warm_eps1em03.csv,warm
MD-Sinkhorn (M=1),warm_matched,False,100000,1,9346,9347,115.09682941436768,121.39460253715517,236.49143195152283,2.1334576315446266e-08,9.94838039238666e-05,0.0003948802455941,-0.8363332932689729,13;149;1065;8119,3;37;266;100000,1.0;0.1;0.01;0.001,random,mixed,4,0,small_random_mixed_N4_seed0,0.001,1.0,10.0,100000,matched,MD-Sinkhorn (M=1),hpc_warm_qubit_mixed/N4/random_mixed_seed0_warm_eps1em03.csv,warm
MD-Sinkhorn (M=2),cold,False,100000,18699,0,18699,128.26059794425964,0.0,128.26059794425964,1.9149760703737458e-08,9.905658625692458e-05,0.0003723360752908,-0.8363313592960558,,,,random,mixed,4,0,small_random_mixed_N4_seed0,0.001,1.0,10.0,100000,matched,MD-Sinkhorn (M=2),hpc_warm_qubit_mixed/N4/random_mixed_seed0_warm_eps1em03.csv,warm
MD-Sinkhorn (M=2),warm_matched,False,100000,1,8775,8776,115.02765893936156,121.32141351699828,236.34907245635983,2.1064907339362444e-08,9.986059178343116e-05,0.000393352920309,-0.8363334999312304,22;167;1089;7497,3;21;136;100000,1.0;0.1;0.01;0.001,random,mixed,4,0,small_random_mixed_N4_seed0,0.001,1.0,10.0,100000,matched,MD-Sinkhorn (M=2),hpc_warm_qubit_mixed/N4/random_mixed_seed0_warm_eps1em03.csv,warm
MD-Sinkhorn (M=5),cold,False,100000,18732,0,18732,128.89892888069153,0.0,128.89892888069153,1.9914420690220696e-08,9.961971958623308e-05,0.0003783610697419,-0.8363351363218984,,,,random,mixed,4,0,small_random_mixed_N4_seed0,0.001,1.0,10.0,100000,matched,MD-Sinkhorn (M=5),hpc_warm_qubit_mixed/N4/random_mixed_seed0_warm_eps1em03.csv,warm
MD-Sinkhorn (M=5),warm_matched,False,100000,1,7071,7072,115.07231020927428,120.31121706962584,235.38352727890012,1.8250720192298782e-08,9.939639388874948e-05,0.0003697407364048,-0.836342688187864,26;236;1214;5595,3;12;61;100000,1.0;0.1;0.01;0.001,random,mixed,4,0,small_random_mixed_N4_seed0,0.001,1.0,10.0,100000,matched,MD-Sinkhorn (M=5),hpc_warm_qubit_mixed/N4/random_mixed_seed0_warm_eps1em03.csv,warm
KL descent (eta=eps/N),cold,True,15385,15386,0,15386,2755.21510386467,0.0,2755.21510386467,9.998021430387636e-09,7.270798982165252e-05,0.0003662576888432,-0.9904807224357898,,,,random,mixed,8,0,small_random_mixed_N8_seed0,0.001,1.0,10.0,100000,matched,KL descent (eta=eps/N),hpc_warm_qubit_mixed/N8/random_mixed_seed0_warm_eps1em03.csv,warm
KL descent (eta=eps/N),warm_matched,True,1,2,15035,15037,0.1665055751800537,2748.389107942581,2748.555613517761,9.99201481373391e-09,7.667561116662263e-05,0.0003831939001203,-0.9904800461009748,40;133;1329;13533,39;132;1328;13532,1.0;0.1;0.01;0.001,random,mixed,8,0,small_random_mixed_N8_seed0,0.001,1.0,10.0,100000,matched,KL descent (eta=eps/N),hpc_warm_qubit_mixed/N8/random_mixed_seed0_warm_eps1em03.csv,warm
KL descent (eta=eps),cold,True,1922,1923,0,1923,380.097297668457,0.0,380.097297668457,9.968408857459577e-09,7.251587422456486e-05,0.0003657754303608,-0.9904807194355724,,,,random,mixed,8,0,small_random_mixed_N8_seed0,0.001,1.0,10.0,100000,matched,KL descent (eta=eps),hpc_warm_qubit_mixed/N8/random_mixed_seed0_warm_eps1em03.csv,warm
KL descent (eta=eps),warm_matched,True,1,2,1875,1877,0.1089887619018554,273.6033070087433,273.71229577064514,9.955337331493534e-09,7.656206216624518e-05,0.0003823716920335,-0.9904800451102712,3;15;166;1691,2;14;165;1690,1.0;0.1;0.01;0.001,random,mixed,8,0,small_random_mixed_N8_seed0,0.001,1.0,10.0,100000,matched,KL descent (eta=eps),hpc_warm_qubit_mixed/N8/random_mixed_seed0_warm_eps1em03.csv,warm
MD-Sinkhorn (M=1),cold,False,100000,12733,0,12733,2573.474691390991,0.0,2573.474691390991,3.7228633272555344e-08,9.98914276467912e-05,0.0007646359875309,-0.9904857102539129,,,,random,mixed,8,0,small_random_mixed_N8_seed0,0.001,1.0,10.0,100000,matched,MD-Sinkhorn (M=1),hpc_warm_qubit_mixed/N8/random_mixed_seed0_warm_eps1em03.csv,warm
MD-Sinkhorn (M=1),warm_matched,False,100000,1,12218,12219,124.75032997131348,1419.6699624061584,1544.420292377472,3.9923045063425705e-08,9.987461070345074e-05,0.0007968411547929,-0.990480102390107,17;121;1313;10767,2;15;164;100000,1.0;0.1;0.01;0.001,random,mixed,8,0,small_random_mixed_N8_seed0,0.001,1.0,10.0,100000,matched,MD-Sinkhorn (M=1),hpc_warm_qubit_mixed/N8/random_mixed_seed0_warm_eps1em03.csv,warm
MD-Sinkhorn (M=2),cold,False,100000,12751,0,12751,1471.7056729793549,0.0,1471.7056729793549,3.7099414554214326e-08,9.993084759007767e-05,0.0007629675156822,-0.9904856615187424,,,,random,mixed,8,0,small_random_mixed_N8_seed0,0.001,1.0,10.0,100000,matched,MD-Sinkhorn (M=2),hpc_warm_qubit_mixed/N8/random_mixed_seed0_warm_eps1em03.csv,warm
MD-Sinkhorn (M=2),warm_matched,False,100000,1,12180,12181,121.8743679523468,1458.5862002372742,1580.460568189621,3.9812377976931733e-08,9.974738948676908e-05,0.0007957240250331,-0.9904802028773084,24;129;1313;10714,2;8;82;100000,1.0;0.1;0.01;0.001,random,mixed,8,0,small_random_mixed_N8_seed0,0.001,1.0,10.0,100000,matched,MD-Sinkhorn (M=2),hpc_warm_qubit_mixed/N8/random_mixed_seed0_warm_eps1em03.csv,warm
MD-Sinkhorn (M=5),cold,False,100000,12802,0,12802,1431.7910208702087,0.0,1431.7910208702087,3.6800751863521386e-08,9.981716368797234e-05,0.0007587226053324,-0.9904854060376964,,,,random,mixed,8,0,small_random_mixed_N8_seed0,0.001,1.0,10.0,100000,matched,MD-Sinkhorn (M=5),hpc_warm_qubit_mixed/N8/random_mixed_seed0_warm_eps1em03.csv,warm
MD-Sinkhorn (M=5),warm_matched,False,100000,1,12045,12046,122.43809533119202,1471.0070526599884,1593.4451479911804,3.989409309312311e-08,9.991564584092824e-05,0.0007965018217414,-0.9904804060279636,32;149;1321;10543,2;4;33;100000,1.0;0.1;0.01;0.001,random,mixed,8,0,small_random_mixed_N8_seed0,0.001,1.0,10.0,100000,matched,MD-Sinkhorn (M=5),hpc_warm_qubit_mixed/N8/random_mixed_seed0_warm_eps1em03.csv,warm
KL descent (eta=eps/N),cold,True,60144,60145,0,60145,288.956006526947,0.0,288.956006526947,9.999514782690851e-09,6.51957346608778e-05,0.0002345274576592,-0.95481737917808,,,,ising,mixed,6,0,small_ising_mixed_N6_seed0,0.001,1.0,10.0,100000,matched,KL descent (eta=eps/N),hpc_warm_qubit_mixed_N6N7/N6/ising_mixed_seed0_warm_eps1em03.csv,warm
KL descent (eta=eps/N),warm_matched,False,100000,100001,102297,202298,483.6939764022827,500.0107207298279,983.7046971321106,1.816684090211131e-07,0.0003233158472938,0.000647506705241,-0.9548038541600452,34;187;2075;100001,33;186;2074;100000,1.0;0.1;0.01;0.001,ising,mixed,6,0,small_ising_mixed_N6_seed0,0.001,1.0,10.0,100000,matched,KL descent (eta=eps/N),hpc_warm_qubit_mixed_N6N7/N6/ising_mixed_seed0_warm_eps1em03.csv,warm
KL descent (eta=eps),cold,True,10023,10024,0,10024,48.04733896255493,0.0,48.04733896255493,9.99861172237738e-09,6.52043578118211e-05,0.000234489972448,-0.9548173774574216,,,,ising,mixed,6,0,small_ising_mixed_N6_seed0,0.001,1.0,10.0,100000,matched,KL descent (eta=eps),hpc_warm_qubit_mixed_N6N7/N6/ising_mixed_seed0_warm_eps1em03.csv,warm
KL descent (eta=eps),warm_matched,True,1,2,87367,87369,0.0040500164031982,422.36978483200073,422.37383484840393,9.999411792018804e-09,7.58248472977896e-05,0.0001520878575157,-0.954812522620943,5;31;347;86984,4;30;346;86983,1.0;0.1;0.01;0.001,ising,mixed,6,0,small_ising_mixed_N6_seed0,0.001,1.0,10.0,100000,matched,KL descent (eta=eps),hpc_warm_qubit_mixed_N6N7/N6/ising_mixed_seed0_warm_eps1em03.csv,warm
MD-Sinkhorn (M=1),cold,False,100000,24119,0,24119,199.1632034778595,0.0,199.1632034778595,6.095400030365361e-07,9.983594257784167e-05,0.000514458708177,-0.9548152931173192,,,,ising,mixed,6,0,small_ising_mixed_N6_seed0,0.001,1.0,10.0,100000,matched,MD-Sinkhorn (M=1),hpc_warm_qubit_mixed_N6N7/N6/ising_mixed_seed0_warm_eps1em03.csv,warm
MD-Sinkhorn (M=1),warm_matched,False,100000,1,179162,179163,114.87787652015686,743.8561594486237,858.7340359687805,3.4044240545299243e-06,9.999605393568034e-05,0.0005130736693173,-0.954811489567602,17;246;1360;177539,3;51;292;100000,1.0;0.1;0.01;0.001,ising,mixed,6,0,small_ising_mixed_N6_seed0,0.001,1.0,10.0,100000,matched,MD-Sinkhorn (M=1),hpc_warm_qubit_mixed_N6N7/N6/ising_mixed_seed0_warm_eps1em03.csv,warm
MD-Sinkhorn (M=2),cold,False,100000,24801,0,24801,196.63033413887024,0.0,196.63033413887024,5.996621234445147e-07,9.99088665776804e-05,0.0005124646782778,-0.9548152838895894,,,,ising,mixed,6,0,small_ising_mixed_N6_seed0,0.001,1.0,10.0,100000,matched,MD-Sinkhorn (M=2),hpc_warm_qubit_mixed_N6N7/N6/ising_mixed_seed0_warm_eps1em03.csv,warm
MD-Sinkhorn (M=2),warm_matched,False,100000,1,177536,177537,116.6989402770996,709.5521438121796,826.2510840892792,3.399828723152472e-06,9.99952549135541e-05,0.0005176272944111,-0.9548117227028216,18;318;1460;175740,2;39;156;100000,1.0;0.1;0.01;0.001,ising,mixed,6,0,small_ising_mixed_N6_seed0,0.001,1.0,10.0,100000,matched,MD-Sinkhorn (M=2),hpc_warm_qubit_mixed_N6N7/N6/ising_mixed_seed0_warm_eps1em03.csv,warm
MD-Sinkhorn (M=5),cold,False,100000,26995,0,26995,204.6505961418152,0.0,204.6505961418152,5.480976723817644e-07,9.98945870025747e-05,0.00050423594069,-0.9548152400651893,,,,ising,mixed,6,0,small_ising_mixed_N6_seed0,0.001,1.0,10.0,100000,matched,MD-Sinkhorn (M=5),hpc_warm_qubit_mixed_N6N7/N6/ising_mixed_seed0_warm_eps1em03.csv,warm
MD-Sinkhorn (M=5),warm_matched,False,100000,1,173051,173052,115.5999186038971,700.617883682251,816.2178022861481,3.425517598499416e-06,9.999819468681226e-05,0.0005213163597172,-0.954811800932387,20;440;1777;170814,2;23;78;100000,1.0;0.1;0.01;0.001,ising,mixed,6,0,small_ising_mixed_N6_seed0,0.001,1.0,10.0,100000,matched,MD-Sinkhorn (M=5),hpc_warm_qubit_mixed_N6N7/N6/ising_mixed_seed0_warm_eps1em03.csv,warm
KL descent (eta=eps/N),cold,True,26469,26470,0,26470,160.8596396446228,0.0,160.8596396446228,9.998202540951607e-09,9.60658426856982e-05,0.0003109350632474,-0.9661152115761358,,,,random,mixed,6,0,small_random_mixed_N6_seed0,0.001,1.0,10.0,100000,matched,KL descent (eta=eps/N),hpc_warm_qubit_mixed_N6N7/N6/random_mixed_seed0_warm_eps1em03.csv,warm
KL descent (eta=eps/N),warm_matched,True,1,2,17667,17669,0.0040910243988037,107.90655446052553,107.91064548492432,9.992588998754036e-09,9.689153677742548e-05,0.0003142972590789,-0.9661154406852236,34;175;1558;15900,33;174;1557;15899,1.0;0.1;0.01;0.001,random,mixed,6,0,small_random_mixed_N6_seed0,0.001,1.0,10.0,100000,matched,KL descent (eta=eps/N),hpc_warm_qubit_mixed_N6N7/N6/random_mixed_seed0_warm_eps1em03.csv,warm
KL descent (eta=eps),cold,True,4410,4411,0,4411,26.05616497993469,0.0,26.05616497993469,9.981616279547264e-09,9.599415978841156e-05,0.0003106859135406,-0.9661152071163062,,,,random,mixed,6,0,small_random_mixed_N6_seed0,0.001,1.0,10.0,100000,matched,KL descent (eta=eps),hpc_warm_qubit_mixed_N6N7/N6/random_mixed_seed0_warm_eps1em03.csv,warm
KL descent (eta=eps),warm_matched,True,1,2,2941,2943,0.0050313472747802,17.210071563720703,17.215102910995483,9.953636291070022e-09,9.650796738308224e-05,0.0003138535752494,-0.9661154356309092,4;28;260;2649,3;27;259;2648,1.0;0.1;0.01;0.001,random,mixed,6,0,small_random_mixed_N6_seed0,0.001,1.0,10.0,100000,matched,KL descent (eta=eps),hpc_warm_qubit_mixed_N6N7/N6/random_mixed_seed0_warm_eps1em03.csv,warm
MD-Sinkhorn (M=1),cold,False,100000,22696,0,22696,184.2934491634369,0.0,184.2934491634369,2.9415323628559314e-08,9.948704070468912e-05,0.0005867654717283,-0.9661236674222669,,,,random,mixed,6,0,small_random_mixed_N6_seed0,0.001,1.0,10.0,100000,matched,MD-Sinkhorn (M=1),hpc_warm_qubit_mixed_N6N7/N6/random_mixed_seed0_warm_eps1em03.csv,warm
MD-Sinkhorn (M=1),warm_matched,False,100000,1,14485,14486,86.01154255867004,131.33019280433655,217.3417353630066,2.9245773605662852e-08,9.970138667307352e-05,0.0005844256388018,-0.96612377967314,13;151;1452;12869,2;25;242;100000,1.0;0.1;0.01;0.001,random,mixed,6,0,small_random_mixed_N6_seed0,0.001,1.0,10.0,100000,matched,MD-Sinkhorn (M=1),hpc_warm_qubit_mixed_N6N7/N6/random_mixed_seed0_warm_eps1em03.csv,warm
MD-Sinkhorn (M=2),cold,False,100000,22493,0,22493,157.21179103851318,0.0,157.21179103851318,2.9386224797758597e-08,9.991359860178833e-05,0.00058617432916,-0.9661238351712372,,,,random,mixed,6,0,small_random_mixed_N6_seed0,0.001,1.0,10.0,100000,matched,MD-Sinkhorn (M=2),hpc_warm_qubit_mixed_N6N7/N6/random_mixed_seed0_warm_eps1em03.csv,warm
MD-Sinkhorn (M=2),warm_matched,False,100000,1,14333,14334,85.98719143867493,130.2190282344818,216.20621967315677,2.9305573843124394e-08,9.935963771737962e-05,0.0005850178760018,-0.9661238980602568,22;157;1405;12749,2;13;117;100000,1.0;0.1;0.01;0.001,random,mixed,6,0,small_random_mixed_N6_seed0,0.001,1.0,10.0,100000,matched,MD-Sinkhorn (M=2),hpc_warm_qubit_mixed_N6N7/N6/random_mixed_seed0_warm_eps1em03.csv,warm
MD-Sinkhorn (M=5),cold,False,100000,21668,0,21668,151.89596939086914,0.0,151.89596939086914,2.8902752154805943e-08,9.998000316004878e-05,0.0005808455400265,-0.9661241272547824,,,,random,mixed,6,0,small_random_mixed_N6_seed0,0.001,1.0,10.0,100000,matched,MD-Sinkhorn (M=5),hpc_warm_qubit_mixed_N6N7/N6/random_mixed_seed0_warm_eps1em03.csv,warm
MD-Sinkhorn (M=5),warm_matched,False,100000,1,13762,13763,91.81364274024963,126.81593036651611,218.62957310676572,2.9372122376271066e-08,9.985302999288256e-05,0.0005861350338287,-0.966122970863324,28;205;1381;12148,2;7;46;100000,1.0;0.1;0.01;0.001,random,mixed,6,0,small_random_mixed_N6_seed0,0.001,1.0,10.0,100000,matched,MD-Sinkhorn (M=5),hpc_warm_qubit_mixed_N6N7/N6/random_mixed_seed0_warm_eps1em03.csv,warm
KL descent (eta=eps/N),cold,True,41640,41641,0,41641,869.5312411785126,0.0,869.5312411785126,9.999148517650837e-09,9.10710168221529e-05,0.0002804380887388,-0.9793814346531328,,,,ising,mixed,7,0,small_ising_mixed_N7_seed0,0.001,1.0,10.0,100000,matched,KL descent (eta=eps/N),hpc_warm_qubit_mixed_N6N7/N7/ising_mixed_seed0_warm_eps1em03.csv,warm
KL descent (eta=eps/N),warm_matched,True,1,2,99704,99706,0.0259172916412353,2660.3882546424866,2660.414171934128,9.99901091979563e-09,2.639593675838811e-05,5.126435928845021e-05,-0.9793758694720784,31;247;2050;97376,30;246;2049;97375,1.0;0.1;0.01;0.001,ising,mixed,7,0,small_ising_mixed_N7_seed0,0.001,1.0,10.0,100000,matched,KL descent (eta=eps/N),hpc_warm_qubit_mixed_N6N7/N7/ising_mixed_seed0_warm_eps1em03.csv,warm
KL descent (eta=eps),cold,False,100000,100001,0,100001,3121.2144496440887,0.0,3121.2144496440887,1.2382086750790462,0.8091051669488316,3.322706838036546,-0.996090247059852,,,,ising,mixed,7,0,small_ising_mixed_N7_seed0,0.001,1.0,10.0,100000,matched,KL descent (eta=eps),hpc_warm_qubit_mixed_N6N7/N7/ising_mixed_seed0_warm_eps1em03.csv,warm
KL descent (eta=eps),warm_matched,False,100000,100001,300007,400008,3101.603182554245,9333.897342205048,12435.500524759293,1.2382086703519852,0.809105165597945,3.322706832435732,-0.9960902470282376,4;100001;100001;100001,3;100000;100000;100000,1.0;0.1;0.01;0.001,ising,mixed,7,0,small_ising_mixed_N7_seed0,0.001,1.0,10.0,100000,matched,KL descent (eta=eps),hpc_warm_qubit_mixed_N6N7/N7/ising_mixed_seed0_warm_eps1em03.csv,warm
MD-Sinkhorn (M=1),cold,False,100000,21699,0,21699,910.7062883377076,0.0,910.7062883377076,3.47254547351639e-08,9.983118456274864e-05,0.0004857291463599,-0.9793852606068087,,,,ising,mixed,7,0,small_ising_mixed_N7_seed0,0.001,1.0,10.0,100000,matched,MD-Sinkhorn (M=1),hpc_warm_qubit_mixed_N6N7/N7/ising_mixed_seed0_warm_eps1em03.csv,warm
MD-Sinkhorn (M=1),warm_matched,False,100000,1,24614,24615,308.1182391643524,986.459893465042,1294.5781326293943,1.776296605970204e-07,9.998332699637062e-05,0.0005970965704101,-0.9793838371577976,18;138;1508;22950,3;23;217;100000,1.0;0.1;0.01;0.001,ising,mixed,7,0,small_ising_mixed_N7_seed0,0.001,1.0,10.0,100000,matched,MD-Sinkhorn (M=1),hpc_warm_qubit_mixed_N6N7/N7/ising_mixed_seed0_warm_eps1em03.csv,warm
MD-Sinkhorn (M=2),cold,False,100000,22035,0,22035,925.8955955505372,0.0,925.8955955505372,2.4997856708754425e-08,9.989481878447393e-05,0.0004491849119353,-0.9793844044439616,,,,ising,mixed,7,0,small_ising_mixed_N7_seed0,0.001,1.0,10.0,100000,matched,MD-Sinkhorn (M=2),hpc_warm_qubit_mixed_N6N7/N7/ising_mixed_seed0_warm_eps1em03.csv,warm
MD-Sinkhorn (M=2),warm_matched,False,100000,1,15119,15120,227.74041152000427,664.4982340335846,892.2386455535889,1.782979189047734e-07,9.999323268268696e-05,0.000605669451081,-0.9793840139522648,22;146;1885;13066,3;13;142;100000,1.0;0.1;0.01;0.001,ising,mixed,7,0,small_ising_mixed_N7_seed0,0.001,1.0,10.0,100000,matched,MD-Sinkhorn (M=2),hpc_warm_qubit_mixed_N6N7/N7/ising_mixed_seed0_warm_eps1em03.csv,warm
MD-Sinkhorn (M=5),cold,False,100000,25331,0,25331,871.9896008968353,0.0,871.9896008968353,7.849139948492045e-08,9.992285017479396e-05,0.0005384913564308,-0.9793806574493376,,,,ising,mixed,7,0,small_ising_mixed_N7_seed0,0.001,1.0,10.0,100000,matched,MD-Sinkhorn (M=5),hpc_warm_qubit_mixed_N6N7/N7/ising_mixed_seed0_warm_eps1em03.csv,warm
MD-Sinkhorn (M=5),warm_matched,False,100000,1,5778,5779,213.0077142715454,358.8178038597107,571.8255181312561,1.7578006415656533e-07,9.999763605295088e-05,0.0005523088100271,-0.9793828088722416,22;293;2095;3368,3;13;110;100000,1.0;0.1;0.01;0.001,ising,mixed,7,0,small_ising_mixed_N7_seed0,0.001,1.0,10.0,100000,matched,MD-Sinkhorn (M=5),hpc_warm_qubit_mixed_N6N7/N7/ising_mixed_seed0_warm_eps1em03.csv,warm
KL descent (eta=eps/N),cold,True,33054,33055,0,33055,413.5577039718628,0.0,413.5577039718628,9.998386010908704e-09,7.565334905665659e-05,0.0003591537371536,-0.9891826934075404,,,,random,mixed,7,0,small_random_mixed_N7_seed0,0.001,1.0,10.0,100000,matched,KL descent (eta=eps/N),hpc_warm_qubit_mixed_N6N7/N7/random_mixed_seed0_warm_eps1em03.csv,warm
KL descent (eta=eps/N),warm_matched,True,1,2,25010,25012,0.01092529296875,314.32811093330383,314.3390362262726,9.993346472503051e-09,7.310700623618128e-05,0.0003580482091572,-0.9891831775711678,38;151;1609;23212,37;150;1608;23211,1.0;0.1;0.01;0.001,random,mixed,7,0,small_random_mixed_N7_seed0,0.001,1.0,10.0,100000,matched,KL descent (eta=eps/N),hpc_warm_qubit_mixed_N6N7/N7/random_mixed_seed0_warm_eps1em03.csv,warm
KL descent (eta=eps),cold,True,4720,4721,0,4721,59.81988978385925,0.0,59.81988978385925,9.983239241968286e-09,7.559825248285509e-05,0.0003588856940685,-0.9891826862180766,,,,random,mixed,7,0,small_random_mixed_N7_seed0,0.001,1.0,10.0,100000,matched,KL descent (eta=eps),hpc_warm_qubit_mixed_N6N7/N7/random_mixed_seed0_warm_eps1em03.csv,warm
KL descent (eta=eps),warm_matched,True,1,2,3567,3569,0.0114986896514892,45.33148288726807,45.34298157691956,9.973011758291365e-09,7.304048487770214e-05,0.0003576873453953,-0.9891831678367788,3;20;230;3314,2;19;229;3313,1.0;0.1;0.01;0.001,random,mixed,7,0,small_random_mixed_N7_seed0,0.001,1.0,10.0,100000,matched,KL descent (eta=eps),hpc_warm_qubit_mixed_N6N7/N7/random_mixed_seed0_warm_eps1em03.csv,warm
MD-Sinkhorn (M=1),cold,False,100000,29497,0,29497,442.46677708625793,0.0,442.46677708625793,3.5312636187214607e-08,9.99861783186296e-05,0.0006988479419871,-0.9891896715579998,,,,random,mixed,7,0,small_random_mixed_N7_seed0,0.001,1.0,10.0,100000,matched,MD-Sinkhorn (M=1),hpc_warm_qubit_mixed_N6N7/N7/random_mixed_seed0_warm_eps1em03.csv,warm
MD-Sinkhorn (M=1),warm_matched,False,100000,1,21326,21327,103.24839925765993,345.1290023326874,448.3774015903473,3.52784855894427e-08,9.998809406056417e-05,0.0006986474534484,-0.9891911581968252,15;134;1590;19587,2;19;227;100000,1.0;0.1;0.01;0.001,random,mixed,7,0,small_random_mixed_N7_seed0,0.001,1.0,10.0,100000,matched,MD-Sinkhorn (M=1),hpc_warm_qubit_mixed_N6N7/N7/random_mixed_seed0_warm_eps1em03.csv,warm
MD-Sinkhorn (M=2),cold,False,100000,29499,0,29499,487.9308471679688,0.0,487.9308471679688,3.5286318533259794e-08,9.9990358313785e-05,0.0006985882922256,-0.9891896651136688,,,,random,mixed,7,0,small_random_mixed_N7_seed0,0.001,1.0,10.0,100000,matched,MD-Sinkhorn (M=2),hpc_warm_qubit_mixed_N6N7/N7/random_mixed_seed0_warm_eps1em03.csv,warm
MD-Sinkhorn (M=2),warm_matched,False,100000,1,21330,21331,103.59962558746338,362.3761281967163,465.9757537841797,3.5312772218493486e-08,9.999382823474402e-05,0.0006989818908283,-0.9891911925467664,23;139;1597;19571,2;10;114;100000,1.0;0.1;0.01;0.001,random,mixed,7,0,small_random_mixed_N7_seed0,0.001,1.0,10.0,100000,matched,MD-Sinkhorn (M=2),hpc_warm_qubit_mixed_N6N7/N7/random_mixed_seed0_warm_eps1em03.csv,warm
MD-Sinkhorn (M=5),cold,False,100000,29499,0,29499,451.81550431251526,0.0,451.81550431251526,3.5268686745607974e-08,9.993699453698896e-05,0.0006984157473387,-0.9891896554324446,,,,random,mixed,7,0,small_random_mixed_N7_seed0,0.001,1.0,10.0,100000,matched,MD-Sinkhorn (M=5),hpc_warm_qubit_mixed_N6N7/N7/random_mixed_seed0_warm_eps1em03.csv,warm
MD-Sinkhorn (M=5),warm_matched,False,100000,1,21316,21317,104.56487846374512,375.79942059516907,480.3642990589142,3.532493094462037e-08,9.996286908500992e-05,0.0006990832738071,-0.9891912493304558,29;141;1611;19535,2;4;46;100000,1.0;0.1;0.01;0.001,random,mixed,7,0,small_random_mixed_N7_seed0,0.001,1.0,10.0,100000,matched,MD-Sinkhorn (M=5),hpc_warm_qubit_mixed_N6N7/N7/random_mixed_seed0_warm_eps1em03.csv,warm
