experiment,paper79_index,paper79_label,eps,dims,method,M_inner,status,converged,iters,time_sec,gibbs_calls,final_cost,final_F_marg,final_e_tr,hit_F_iter,hit_tr_iter,hit_F_gibbs,hit_tr_gibbs,same_limit_to_lbfgs,dist_pi_to_lbfgs,objective_gap_to_lbfgs,hit_F_le_1em03,hit_F_iter_le_1em03,hit_F_gibbs_le_1em03,hit_F_le_1em04,hit_F_iter_le_1em04,hit_F_gibbs_le_1em04,hit_F_le_1em05,hit_F_iter_le_1em05,hit_F_gibbs_le_1em05,hit_tr_le_1em03,hit_tr_iter_le_1em03,hit_tr_gibbs_le_1em03,hit_tr_le_1em04,hit_tr_iter_le_1em04,hit_tr_gibbs_le_1em04,hit_tr_le_1em05,hit_tr_iter_le_1em05,hit_tr_gibbs_le_1em05,small_kind,small_case,seed,eta,eta_rule,source_file,source_root,wasserstein_case,d
small,-2,small_ising_mixed_N4_seed0,0.0001,2x2x2x2,L-BFGS entropy dual,,ok,False,100000,28.29989719390869,100000,-0.933026456794268,4.682911356960193e-05,0.0073592076870404,-1,-1,-1,-1,True,0.0,0.0,True,0,100000.0,True,0,100000.0,False,-1,,False,-1,,False,-1,,False,-1,,ising,mixed,0.0,,,hpc_qubit_eps/N4/ising_mixed_seed0_all_eps1em04.csv,cold,,
small,-2,small_ising_mixed_N4_seed0,0.0001,2x2x2x2,KL descent (eta=eps/N),,ok,False,100000,120.06015181541444,100001,-0.935024916941323,1.5436849183125224e-06,0.0011663588536191,-1,-1,-1,-1,False,0.0159623942561562,0.001998460147055,True,41402,41403.0,True,51249,51250.0,True,62289,62290.0,False,-1,,False,-1,,False,-1,,ising,mixed,0.0,2.5e-05,eps_over_N,hpc_qubit_eps/N4/ising_mixed_seed0_all_eps1em04.csv,cold,,
small,-2,small_ising_mixed_N4_seed0,0.0001,2x2x2x2,KL descent (eta=eps),,ok,False,100000,99.62745785713196,100001,-0.9350020307537928,9.776221187219329e-08,0.000300613946352,-1,-1,-1,-1,False,0.0153421698966699,0.0019755739595248,True,10350,10351.0,True,12812,12813.0,True,15572,15573.0,True,34700,34701.0,False,-1,,False,-1,,ising,mixed,0.0,0.0001,eps,hpc_qubit_eps/N4/ising_mixed_seed0_all_eps1em04.csv,cold,,
small,-2,small_ising_mixed_N4_seed0,0.0001,2x2x2x2,MD-Sinkhorn (M=1),1.0,ok,False,100000,166.38719129562378,251683,-0.9350305880475308,1.0607917502286997e-07,0.0002999379638426,-1,-1,-1,-1,False,0.0155620967112784,0.0020041312532629,True,10348,41174.0,True,12771,50866.0,True,15486,61726.0,True,34789,115443.0,False,-1,,False,-1,,ising,mixed,0.0,,,hpc_qubit_eps/N4/ising_mixed_seed0_all_eps1em04.csv,cold,,
small,-2,small_ising_mixed_N4_seed0,0.0001,2x2x2x2,MD-Sinkhorn (M=2),2.0,ok,False,100000,217.3319923877716,367254,-0.935026485379435,2.122467952405521e-08,9.999497214413512e-05,-1,-1,-1,-1,False,0.0156855100302177,0.0020000285851671,True,5174,41173.0,True,6386,50869.0,True,7744,61733.0,True,17497,115833.0,True,78608,367254.0,False,-1,,ising,mixed,0.0,,,hpc_qubit_eps/N4/ising_mixed_seed0_all_eps1em04.csv,cold,,
small,-2,small_ising_mixed_N4_seed0,0.0001,2x2x2x2,MD-Sinkhorn (M=5),5.0,ok,False,100000,216.34800004959104,367573,-0.935026573600856,2.1282028157140428e-08,9.999614280914448e-05,-1,-1,-1,-1,False,0.0156861764681046,0.0020001168065881,True,2070,41181.0,True,2557,50921.0,True,3103,61841.0,True,7118,117073.0,True,31579,367573.0,False,-1,,ising,mixed,0.0,,,hpc_qubit_eps/N4/ising_mixed_seed0_all_eps1em04.csv,cold,,
small,-2,small_ising_mixed_N4_seed0,1e-08,2x2x2x2,L-BFGS entropy dual,,ok,False,100000,56.57850193977356,100000,-0.9266195989525876,0.6170857405569453,0.6951892701024974,-1,-1,-1,-1,True,0.0,0.0,False,-1,,False,-1,,False,-1,,False,-1,,False,-1,,False,-1,,ising,mixed,0.0,,,hpc_qubit_eps/N4/ising_mixed_seed0_all_eps1em08.csv,cold,,
small,-2,small_ising_mixed_N4_seed0,1e-08,2x2x2x2,KL descent (eta=eps/N),,ok,False,100000,105.9931390285492,100001,-0.981979830585516,0.0310484440894853,0.2328362467172879,-1,-1,-1,-1,False,0.8928796300278852,0.0553602316329283,False,-1,,False,-1,,False,-1,,False,-1,,False,-1,,False,-1,,ising,mixed,0.0,2.5e-09,eps_over_N,hpc_qubit_eps/N4/ising_mixed_seed0_all_eps1em08.csv,cold,,
small,-2,small_ising_mixed_N4_seed0,1e-08,2x2x2x2,KL descent (eta=eps),,ok,False,100000,105.71127390861513,100001,-0.981979777358282,0.0309634412127078,0.2322974754260325,-1,-1,-1,-1,False,0.8928363473900496,0.0553601784056941,False,-1,,False,-1,,False,-1,,False,-1,,False,-1,,False,-1,,ising,mixed,0.0,1e-08,eps,hpc_qubit_eps/N4/ising_mixed_seed0_all_eps1em08.csv,cold,,
small,-2,small_ising_mixed_N4_seed0,1e-08,2x2x2x2,MD-Sinkhorn (M=1),1.0,ok,False,100000,240.19161534309387,400001,-0.9819797773582896,0.0309634412201564,0.2322974754744721,-1,-1,-1,-1,False,0.8928363473930974,0.0553601784057019,False,-1,,False,-1,,False,-1,,False,-1,,False,-1,,False,-1,,ising,mixed,0.0,,,hpc_qubit_eps/N4/ising_mixed_seed0_all_eps1em08.csv,cold,,
small,-2,small_ising_mixed_N4_seed0,1e-08,2x2x2x2,MD-Sinkhorn (M=2),2.0,ok,False,100000,1055.0265958309174,800001,-0.9819796090073292,0.0308519047861104,0.2315848203368891,-1,-1,-1,-1,False,0.8927794463263621,0.0553600100547413,False,-1,,False,-1,,False,-1,,False,-1,,False,-1,,False,-1,,ising,mixed,0.0,,,hpc_qubit_eps/N4/ising_mixed_seed0_all_eps1em08.csv,cold,,
small,-2,small_ising_mixed_N4_seed0,1e-08,2x2x2x2,MD-Sinkhorn (M=5),5.0,ok,False,100000,971.317804336548,2000001,-0.981978464627312,0.0305292738799532,0.2294854320007459,-1,-1,-1,-1,False,0.8926141275541983,0.0553588656747242,False,-1,,False,-1,,False,-1,,False,-1,,False,-1,,False,-1,,ising,mixed,0.0,,,hpc_qubit_eps/N4/ising_mixed_seed0_all_eps1em08.csv,cold,,
small,-2,small_ising_mixed_N4_seed0,1e-12,2x2x2x2,L-BFGS entropy dual,,ok,False,100000,32.24360775947571,100000,-0.9775138317248376,0.0198960915937176,0.1536411071369201,-1,-1,-1,-1,True,0.0,0.0,False,-1,,False,-1,,False,-1,,False,-1,,False,-1,,False,-1,,ising,mixed,0.0,,,hpc_qubit_eps/N4/ising_mixed_seed0_all_eps1em12.csv,cold,,
small,-2,small_ising_mixed_N4_seed0,1e-12,2x2x2x2,KL descent (eta=eps/N),,ok,False,100000,92.04631543159483,100001,-0.9819798341599216,0.0310770360771398,0.2330166391858863,-1,-1,-1,-1,False,0.1437650163640896,0.0044660024350841,False,-1,,False,-1,,False,-1,,False,-1,,False,-1,,False,-1,,ising,mixed,0.0,2.5e-13,eps_over_N,hpc_qubit_eps/N4/ising_mixed_seed0_all_eps1em12.csv,cold,,
small,-2,small_ising_mixed_N4_seed0,1e-12,2x2x2x2,KL descent (eta=eps),,ok,False,100000,92.69396209716795,100001,-0.9819798341599212,0.0310770274790263,0.2330165850010679,-1,-1,-1,-1,False,0.1437649822501429,0.0044660024350837,False,-1,,False,-1,,False,-1,,False,-1,,False,-1,,False,-1,,ising,mixed,0.0,1e-12,eps,hpc_qubit_eps/N4/ising_mixed_seed0_all_eps1em12.csv,cold,,
small,-2,small_ising_mixed_N4_seed0,1e-12,2x2x2x2,MD-Sinkhorn (M=1),1.0,ok,False,100000,211.0699207782745,400001,-0.9819798341599212,0.0310770274790262,0.2330165850010671,-1,-1,-1,-1,False,0.1437649822501426,0.0044660024350835,False,-1,,False,-1,,False,-1,,False,-1,,False,-1,,False,-1,,ising,mixed,0.0,,,hpc_qubit_eps/N4/ising_mixed_seed0_all_eps1em12.csv,cold,,
small,-2,small_ising_mixed_N4_seed0,1e-12,2x2x2x2,MD-Sinkhorn (M=2),2.0,ok,False,100000,372.9999678134918,800001,-0.9819798341599196,0.0310770160148927,0.2330165127546969,-1,-1,-1,-1,False,0.1437649367649313,0.0044660024350822,False,-1,,False,-1,,False,-1,,False,-1,,False,-1,,False,-1,,ising,mixed,0.0,,,hpc_qubit_eps/N4/ising_mixed_seed0_all_eps1em12.csv,cold,,
small,-2,small_ising_mixed_N4_seed0,1e-12,2x2x2x2,MD-Sinkhorn (M=5),5.0,ok,False,100000,854.6871349811554,2000001,-0.9819798341599074,0.031076981622618,0.2330162960159854,-1,-1,-1,-1,False,0.1437648003096642,0.0044660024350698,False,-1,,False,-1,,False,-1,,False,-1,,False,-1,,False,-1,,ising,mixed,0.0,,,hpc_qubit_eps/N4/ising_mixed_seed0_all_eps1em12.csv,cold,,
small,-2,small_random_mixed_N4_seed0,0.0001,2x2x2x2,L-BFGS entropy dual,,ok,False,100000,31.41603708267212,100000,-0.8362937450224757,1.8089466086512265e-06,0.0011801746339567,-1,-1,-1,-1,True,0.0,0.0,True,0,100000.0,True,0,100000.0,True,0,100000.0,False,-1,,False,-1,,False,-1,,random,mixed,0.0,,,hpc_qubit_eps/N4/random_mixed_seed0_all_eps1em04.csv,cold,,
small,-2,small_random_mixed_N4_seed0,0.0001,2x2x2x2,KL descent (eta=eps/N),,ok,False,100000,94.47781419754028,100001,-0.8365611677889078,6.077396954250289e-06,0.0025526791560201,-1,-1,-1,-1,False,0.0072170285835479,0.0002674227664321,True,27777,27778.0,True,57444,57445.0,True,91933,91934.0,False,-1,,False,-1,,False,-1,,random,mixed,0.0,2.5e-05,eps_over_N,hpc_qubit_eps/N4/random_mixed_seed0_all_eps1em04.csv,cold,,
small,-2,small_random_mixed_N4_seed0,0.0001,2x2x2x2,KL descent (eta=eps),,ok,True,58746,55.63416934013367,58747,-0.8363308180244092,9.99941617852946e-09,8.728105843357145e-05,58746,-1,58747,-1,False,0.0041212433338634,3.7073001933563e-05,True,6944,6945.0,True,14361,14362.0,True,22983,22984.0,True,33213,33214.0,True,57186,57187.0,False,-1,,random,mixed,0.0,0.0001,eps,hpc_qubit_eps/N4/random_mixed_seed0_all_eps1em04.csv,cold,,
small,-2,small_random_mixed_N4_seed0,0.0001,2x2x2x2,MD-Sinkhorn (M=1),1.0,ok,False,100000,130.3961796760559,186015,-0.8363278696674161,1.900335553491628e-08,9.997242778223472e-05,-1,-1,-1,-1,False,0.0040535487980813,3.412464494045864e-05,True,6681,26725.0,True,13434,53737.0,True,21011,84045.0,True,30128,120513.0,True,49537,186015.0,False,-1,,random,mixed,0.0,,,hpc_qubit_eps/N4/random_mixed_seed0_all_eps1em04.csv,cold,,
small,-2,small_random_mixed_N4_seed0,0.0001,2x2x2x2,MD-Sinkhorn (M=2),2.0,ok,False,100000,132.28136777877808,187925,-0.8363314288050461,1.9197758156060192e-08,9.974232678390648e-05,-1,-1,-1,-1,False,0.0040604431850311,3.768378257040794e-05,True,3499,27993.0,True,7200,57601.0,True,11123,88985.0,True,15818,126545.0,True,25304,187925.0,False,-1,,random,mixed,0.0,,,hpc_qubit_eps/N4/random_mixed_seed0_all_eps1em04.csv,cold,,
small,-2,small_random_mixed_N4_seed0,0.0001,2x2x2x2,MD-Sinkhorn (M=5),5.0,ok,False,100000,132.85774445533752,188433,-0.8363364890590357,2.0379866974277907e-08,9.973717865319748e-05,-1,-1,-1,-1,False,0.0042198551050835,4.274403656001624e-05,True,1946,38921.0,True,3948,78961.0,True,5701,114021.0,True,7507,150141.0,True,10594,188433.0,False,-1,,random,mixed,0.0,,,hpc_qubit_eps/N4/random_mixed_seed0_all_eps1em04.csv,cold,,
small,-2,small_random_mixed_N4_seed0,1e-08,2x2x2x2,L-BFGS entropy dual,,ok,False,100000,56.603978633880615,100000,-0.8982936281961387,0.1492637241324995,0.3487010288730585,-1,-1,-1,-1,True,0.0,0.0,False,-1,,False,-1,,False,-1,,False,-1,,False,-1,,False,-1,,random,mixed,0.0,,,hpc_qubit_eps/N4/random_mixed_seed0_all_eps1em08.csv,cold,,
small,-2,small_random_mixed_N4_seed0,1e-08,2x2x2x2,KL descent (eta=eps/N),,ok,False,100000,109.0988495349884,100001,-0.9269641193024284,0.4360962007790991,0.603366336602579,-1,-1,-1,-1,False,0.6195955728932876,0.0286704911062897,False,-1,,False,-1,,False,-1,,False,-1,,False,-1,,False,-1,,random,mixed,0.0,2.5e-09,eps_over_N,hpc_qubit_eps/N4/random_mixed_seed0_all_eps1em08.csv,cold,,
small,-2,small_random_mixed_N4_seed0,1e-08,2x2x2x2,KL descent (eta=eps),,ok,False,100000,95.87171292304993,100001,-0.926962875411813,0.4341092784652791,0.6024629676433062,-1,-1,-1,-1,False,0.618381874448297,0.0286692472156743,False,-1,,False,-1,,False,-1,,False,-1,,False,-1,,False,-1,,random,mixed,0.0,1e-08,eps,hpc_qubit_eps/N4/random_mixed_seed0_all_eps1em08.csv,cold,,
small,-2,small_random_mixed_N4_seed0,1e-08,2x2x2x2,MD-Sinkhorn (M=1),1.0,ok,False,100000,218.6539821624756,400001,-0.9269628754118462,0.4341092784984073,0.6024629676565751,-1,-1,-1,-1,False,0.6183818744693923,0.0286692472157075,False,-1,,False,-1,,False,-1,,False,-1,,False,-1,,False,-1,,random,mixed,0.0,,,hpc_qubit_eps/N4/random_mixed_seed0_all_eps1em08.csv,cold,,
small,-2,small_random_mixed_N4_seed0,1e-08,2x2x2x2,MD-Sinkhorn (M=2),2.0,ok,False,100000,385.2752418518066,800001,-0.9269588962662606,0.4314672349894403,0.6012572820508517,-1,-1,-1,-1,False,0.6167535812503522,0.0286652680701219,False,-1,,False,-1,,False,-1,,False,-1,,False,-1,,False,-1,,random,mixed,0.0,,,hpc_qubit_eps/N4/random_mixed_seed0_all_eps1em08.csv,cold,,
small,-2,small_random_mixed_N4_seed0,1e-08,2x2x2x2,MD-Sinkhorn (M=5),5.0,ok,False,100000,919.7112061977386,2000001,-0.926931061343488,0.4235895915211591,0.5976315921995751,-1,-1,-1,-1,False,0.6117969750751185,0.0286374331473494,False,-1,,False,-1,,False,-1,,False,-1,,False,-1,,False,-1,,random,mixed,0.0,,,hpc_qubit_eps/N4/random_mixed_seed0_all_eps1em08.csv,cold,,
small,-2,small_random_mixed_N4_seed0,1e-12,2x2x2x2,L-BFGS entropy dual,,ok,False,100000,23.83607316017151,100000,-0.8225643793898012,0.1341361406662441,0.3047831594801242,-1,-1,-1,-1,True,0.0,0.0,False,-1,,False,-1,,False,-1,,False,-1,,False,-1,,False,-1,,random,mixed,0.0,,,hpc_qubit_eps/N4/random_mixed_seed0_all_eps1em12.csv,cold,,
small,-2,small_random_mixed_N4_seed0,1e-12,2x2x2x2,KL descent (eta=eps/N),,ok,False,100000,96.10713028907776,100001,-0.9269642022465576,0.4367594751035624,0.6036672626583242,-1,-1,-1,-1,False,1.3301254646876417,0.1043998228567563,False,-1,,False,-1,,False,-1,,False,-1,,False,-1,,False,-1,,random,mixed,0.0,2.5e-13,eps_over_N,hpc_qubit_eps/N4/random_mixed_seed0_all_eps1em12.csv,cold,,
small,-2,small_random_mixed_N4_seed0,1e-12,2x2x2x2,KL descent (eta=eps),,ok,False,100000,96.478937625885,100001,-0.926964202246545,0.4367592760236564,0.6036671723838515,-1,-1,-1,-1,False,1.330125523883315,0.1043998228567437,False,-1,,False,-1,,False,-1,,False,-1,,False,-1,,False,-1,,random,mixed,0.0,1e-12,eps,hpc_qubit_eps/N4/random_mixed_seed0_all_eps1em12.csv,cold,,
small,-2,small_random_mixed_N4_seed0,1e-12,2x2x2x2,MD-Sinkhorn (M=1),1.0,ok,False,100000,222.57294535636905,400001,-0.926964202246545,0.4367592760236564,0.6036671723838515,-1,-1,-1,-1,False,1.330125523883315,0.1043998228567437,False,-1,,False,-1,,False,-1,,False,-1,,False,-1,,False,-1,,random,mixed,0.0,,,hpc_qubit_eps/N4/random_mixed_seed0_all_eps1em12.csv,cold,,
small,-2,small_random_mixed_N4_seed0,1e-12,2x2x2x2,MD-Sinkhorn (M=2),2.0,ok,False,100000,391.6698791980744,800001,-0.9269642022465054,0.4367590105838531,0.6036670520178764,-1,-1,-1,-1,False,1.3301256028110282,0.1043998228567042,False,-1,,False,-1,,False,-1,,False,-1,,False,-1,,False,-1,,random,mixed,0.0,,,hpc_qubit_eps/N4/random_mixed_seed0_all_eps1em12.csv,cold,,
small,-2,small_random_mixed_N4_seed0,1e-12,2x2x2x2,MD-Sinkhorn (M=5),5.0,ok,False,100000,896.393238067627,2000001,-0.9269642022462266,0.4367582142649463,0.6036666909198735,-1,-1,-1,-1,False,1.330125839595146,0.1043998228564253,False,-1,,False,-1,,False,-1,,False,-1,,False,-1,,False,-1,,random,mixed,0.0,,,hpc_qubit_eps/N4/random_mixed_seed0_all_eps1em12.csv,cold,,
small,-2,small_ising_mixed_N4_seed0,0.001,2x2x2x2,L-BFGS entropy dual,,ok,False,100000,34.49897313117981,100000,-0.9350268037190476,1.6380785853270955e-08,0.0001376772047267,-1,-1,-1,-1,True,0.0,0.0,True,0,100000.0,True,0,100000.0,True,0,100000.0,True,0,100000.0,False,-1,,False,-1,,ising,mixed,0.0,,,hpc_qubit_mixed/N4/ising_mixed_seed0_all_eps1em03.csv,cold,,
small,-2,small_ising_mixed_N4_seed0,0.001,2x2x2x2,KL descent (eta=eps/N),,ok,True,65441,111.6128270626068,65442,-0.9349957771394072,9.999901603659016e-09,9.615781511557175e-05,65441,-1,65442,-1,False,0.0006437613127749,3.102657964015876e-05,True,4153,4154.0,True,5101,5102.0,True,6215,6216.0,True,14737,14738.0,True,64600,64601.0,False,-1,,ising,mixed,0.0,0.00025,eps_over_N,hpc_qubit_mixed/N4/ising_mixed_seed0_all_eps1em03.csv,cold,,
small,-2,small_ising_mixed_N4_seed0,0.001,2x2x2x2,KL descent (eta=eps),,ok,True,16358,27.777990102767944,16359,-0.9349957769881724,9.998850869290931e-09,9.615276378610592e-05,16358,-1,16359,-1,False,0.0006437372285657,3.102673087518326e-05,True,1038,1039.0,True,1275,1276.0,True,1553,1554.0,True,3683,3684.0,True,16148,16149.0,False,-1,,ising,mixed,0.0,0.001,eps,hpc_qubit_mixed/N4/ising_mixed_seed0_all_eps1em03.csv,cold,,
small,-2,small_ising_mixed_N4_seed0,0.001,2x2x2x2,MD-Sinkhorn (M=1),1.0,ok,False,100000,135.6129641532898,37116,-0.9350259040382431,2.106170551051861e-08,9.995284328429e-05,-1,-1,-1,-1,False,0.0005552313649169,8.996808043004734e-07,True,1036,4123.0,True,1268,5051.0,True,1542,6147.0,True,3705,12002.0,True,15930,37116.0,False,-1,,ising,mixed,0.0,,,hpc_qubit_mixed/N4/ising_mixed_seed0_all_eps1em03.csv,cold,,
small,-2,small_ising_mixed_N4_seed0,0.001,2x2x2x2,MD-Sinkhorn (M=2),2.0,ok,False,100000,135.72042846679688,37132,-0.9350262260016702,2.1252583052596254e-08,9.991333742848107e-05,-1,-1,-1,-1,False,0.0005540588181853,5.777173772703037e-07,True,518,4121.0,True,634,5049.0,True,771,6145.0,True,1867,12058.0,True,7978,37132.0,False,-1,,ising,mixed,0.0,,,hpc_qubit_mixed/N4/ising_mixed_seed0_all_eps1em03.csv,cold,,
small,-2,small_ising_mixed_N4_seed0,0.001,2x2x2x2,MD-Sinkhorn (M=5),5.0,ok,False,100000,135.26463985443115,37190,-0.9350256920251212,2.0905522900196552e-08,9.992326291397012e-05,-1,-1,-1,-1,False,0.0005553435077889,1.1116939261368586e-06,True,207,4121.0,True,254,5061.0,True,309,6161.0,True,764,12238.0,True,3219,37190.0,False,-1,,ising,mixed,0.0,,,hpc_qubit_mixed/N4/ising_mixed_seed0_all_eps1em03.csv,cold,,
small,-2,small_random_mixed_N4_seed0,0.001,2x2x2x2,L-BFGS entropy dual,,ok,True,1126,3.703174352645874,1126,-0.8363269422179929,1.1535021835140605e-12,9.84433082012041e-07,0,-1,1126,-1,True,0.0,0.0,True,0,1126.0,True,0,1126.0,True,0,1126.0,True,0,1126.0,True,0,1126.0,True,0,1126.0,random,mixed,0.0,,,hpc_qubit_mixed/N4/random_mixed_seed0_all_eps1em03.csv,cold,,
small,-2,small_random_mixed_N4_seed0,0.001,2x2x2x2,KL descent (eta=eps/N),,ok,True,23481,52.40969705581665,23482,-0.836330686495111,9.999025361213038e-09,8.729287847775951e-05,23481,-1,23482,-1,False,0.0002527426427297,3.744277118133965e-06,True,2770,2771.0,True,5734,5735.0,True,9182,9183.0,True,13273,13274.0,True,22858,22859.0,False,-1,,random,mixed,0.0,0.00025,eps_over_N,hpc_qubit_mixed/N4/random_mixed_seed0_all_eps1em03.csv,cold,,
small,-2,small_random_mixed_N4_seed0,0.001,2x2x2x2,KL descent (eta=eps),,ok,True,5870,13.315737009048462,5871,-0.8363306788810889,9.983612911140809e-09,8.720480070126114e-05,5870,-1,5871,-1,False,0.0002525174221156,3.736663096054471e-06,True,693,694.0,True,1433,1434.0,True,2295,2296.0,True,3317,3318.0,True,5714,5715.0,False,-1,,random,mixed,0.0,0.001,eps,hpc_qubit_mixed/N4/random_mixed_seed0_all_eps1em03.csv,cold,,
small,-2,small_random_mixed_N4_seed0,0.001,2x2x2x2,MD-Sinkhorn (M=1),1.0,ok,False,100000,138.36053276062012,18528,-0.8363278414206716,1.8954973230870038e-08,9.963384327813368e-05,-1,-1,-1,-1,False,0.0003430740274709,8.992026787613128e-07,True,663,2653.0,True,1337,5349.0,True,2092,8369.0,True,2999,11997.0,True,4930,18528.0,False,-1,,random,mixed,0.0,,,hpc_qubit_mixed/N4/random_mixed_seed0_all_eps1em03.csv,cold,,
small,-2,small_random_mixed_N4_seed0,0.001,2x2x2x2,MD-Sinkhorn (M=2),2.0,ok,False,100000,135.417409658432,18699,-0.8363313592960558,1.9149760703737458e-08,9.905658625692458e-05,-1,-1,-1,-1,False,0.000353655599923,4.417078062979307e-06,True,347,2777.0,True,717,5737.0,True,1108,8865.0,True,1575,12601.0,True,2515,18699.0,False,-1,,random,mixed,0.0,,,hpc_qubit_mixed/N4/random_mixed_seed0_all_eps1em03.csv,cold,,
small,-2,small_random_mixed_N4_seed0,0.001,2x2x2x2,MD-Sinkhorn (M=5),5.0,ok,False,100000,136.34623384475708,18732,-0.8363351363218984,1.9914420690220696e-08,9.961971958623308e-05,-1,-1,-1,-1,False,0.0003324330010136,8.194103905512229e-06,True,194,3881.0,True,394,7881.0,True,568,11361.0,True,748,14961.0,True,1073,18732.0,False,-1,,random,mixed,0.0,,,hpc_qubit_mixed/N4/random_mixed_seed0_all_eps1em03.csv,cold,,
small,-2,small_ising_mixed_N8_seed0,0.001,2x2x2x2x2x2x2x2,L-BFGS entropy dual,,ok,False,100000,6178.265367507935,100000,-0.9578613533080274,3.335014077809023e-09,7.57996965325207e-05,0,-1,100000,-1,True,0.0,0.0,True,0,100000.0,True,0,100000.0,True,0,100000.0,True,0,100000.0,True,0,100000.0,False,-1,,ising,mixed,0.0,,,hpc_qubit_mixed/N8/ising_mixed_seed0_all_eps1em03.csv,cold,,
small,-2,small_ising_mixed_N8_seed0,0.001,2x2x2x2x2x2x2x2,KL descent (eta=eps/N),,ok,False,100000,8653.984954118729,100001,-0.957878016194469,2.1990267498016778e-07,0.0004715705799423,-1,-1,-1,-1,False,0.0052848626998458,1.6662886441642932e-05,True,2591,2592.0,True,7013,7014.0,True,12984,12985.0,True,17815,17816.0,False,-1,,False,-1,,ising,mixed,0.0,0.000125,eps_over_N,hpc_qubit_mixed/N8/ising_mixed_seed0_all_eps1em03.csv,cold,,
small,-2,small_ising_mixed_N8_seed0,0.001,2x2x2x2x2x2x2x2,KL descent (eta=eps),,ok,True,36261,3250.5297899246216,36262,-0.9578694209053368,9.999145339631996e-09,0.0001005191276047,36261,-1,36262,-1,False,0.0011288076408544,8.067597309424634e-06,True,324,325.0,True,876,877.0,True,1622,1623.0,True,2225,2226.0,False,-1,,False,-1,,ising,mixed,0.0,0.001,eps,hpc_qubit_mixed/N8/ising_mixed_seed0_all_eps1em03.csv,cold,,
small,-2,small_ising_mixed_N8_seed0,0.001,2x2x2x2x2x2x2x2,MD-Sinkhorn (M=1),1.0,ok,False,100000,7146.549649715424,84247,-0.9578668716020128,4.285599793688555e-08,9.998829354618266e-05,-1,-1,-1,-1,False,0.0013242278095735,5.518293985318223e-06,True,322,2091.0,True,857,5301.0,True,1587,9626.0,True,2175,12884.0,True,36097,84247.0,False,-1,,ising,mixed,0.0,,,hpc_qubit_mixed/N8/ising_mixed_seed0_all_eps1em03.csv,cold,,
small,-2,small_ising_mixed_N8_seed0,0.001,2x2x2x2x2x2x2x2,MD-Sinkhorn (M=2),2.0,ok,False,100000,7093.086973667145,84000,-0.9578681683918624,4.12822207011254e-08,9.9990001315442e-05,-1,-1,-1,-1,False,0.0013206367400079,6.815083834932345e-06,True,164,2126.0,True,428,5294.0,True,791,9500.0,True,1082,12675.0,True,18068,84000.0,False,-1,,ising,mixed,0.0,,,hpc_qubit_mixed/N8/ising_mixed_seed0_all_eps1em03.csv,cold,,
small,-2,small_ising_mixed_N8_seed0,0.001,2x2x2x2x2x2x2x2,MD-Sinkhorn (M=5),5.0,ok,False,100000,6788.369957923889,83425,-0.95786888088051,4.117942674127266e-08,9.999888222522736e-05,-1,-1,-1,-1,False,0.001319891295629,7.527572482568523e-06,True,69,2217.0,True,172,5216.0,True,314,9065.0,True,426,12043.0,True,7310,83425.0,False,-1,,ising,mixed,0.0,,,hpc_qubit_mixed/N8/ising_mixed_seed0_all_eps1em03.csv,cold,,
small,-2,small_random_mixed_N8_seed0,0.001,2x2x2x2x2x2x2x2,L-BFGS entropy dual,,ok,True,463,366.52839732170105,463,-0.990479866377636,5.317991841856268e-13,6.763842674930312e-07,0,-1,463,-1,True,0.0,0.0,True,0,463.0,True,0,463.0,True,0,463.0,True,0,463.0,True,0,463.0,True,0,463.0,random,mixed,0.0,,,hpc_qubit_mixed/N8/random_mixed_seed0_all_eps1em03.csv,cold,,
small,-2,small_random_mixed_N8_seed0,0.001,2x2x2x2x2x2x2x2,KL descent (eta=eps/N),,ok,True,15385,1721.0667476654053,15386,-0.9904807224357898,9.998021430387636e-09,7.270798982165252e-05,15385,-1,15386,-1,False,0.0002208324723399,8.560581539196477e-07,True,2128,2129.0,True,2747,2748.0,True,5179,5180.0,True,7576,7577.0,True,14349,14350.0,False,-1,,random,mixed,0.0,0.000125,eps_over_N,hpc_qubit_mixed/N8/random_mixed_seed0_all_eps1em03.csv,cold,,
small,-2,small_random_mixed_N8_seed0,0.001,2x2x2x2x2x2x2x2,KL descent (eta=eps),,ok,True,1922,206.10001945495603,1923,-0.9904807194355724,9.968408857459577e-09,7.251587422456486e-05,1922,-1,1923,-1,False,0.0002205094942987,8.530579364007806e-07,True,266,267.0,True,343,344.0,True,647,648.0,True,947,948.0,True,1792,1793.0,False,-1,,random,mixed,0.0,0.001,eps,hpc_qubit_mixed/N8/random_mixed_seed0_all_eps1em03.csv,cold,,
small,-2,small_random_mixed_N8_seed0,0.001,2x2x2x2x2x2x2x2,MD-Sinkhorn (M=1),1.0,ok,False,100000,1463.3849227428436,12733,-0.9904857102539129,3.7228633272555344e-08,9.98914276467912e-05,-1,-1,-1,-1,False,0.0005636237029377,5.843876277000781e-06,True,266,2129.0,True,343,2745.0,True,646,5169.0,True,945,7561.0,True,1740,12733.0,False,-1,,random,mixed,0.0,,,hpc_qubit_mixed/N8/random_mixed_seed0_all_eps1em03.csv,cold,,
small,-2,small_random_mixed_N8_seed0,0.001,2x2x2x2x2x2x2x2,MD-Sinkhorn (M=2),2.0,ok,False,100000,1518.295424699783,12751,-0.9904856615187424,3.7099414554214326e-08,9.993084759007767e-05,-1,-1,-1,-1,False,0.0005603997515752,5.795141106545998e-06,True,133,2129.0,True,172,2753.0,True,323,5169.0,True,473,7569.0,True,871,12751.0,False,-1,,random,mixed,0.0,,,hpc_qubit_mixed/N8/random_mixed_seed0_all_eps1em03.csv,cold,,
small,-2,small_random_mixed_N8_seed0,0.001,2x2x2x2x2x2x2x2,MD-Sinkhorn (M=5),5.0,ok,False,100000,1484.2474796772003,12802,-0.9904854060376964,3.6800751863521386e-08,9.981716368797234e-05,-1,-1,-1,-1,False,0.0005470871518796,5.539660060560614e-06,True,54,2161.0,True,69,2761.0,True,130,5201.0,True,190,7601.0,True,351,12802.0,False,-1,,random,mixed,0.0,,,hpc_qubit_mixed/N8/random_mixed_seed0_all_eps1em03.csv,cold,,
small,-2,small_ising_mixed_N6_seed0,0.001,2x2x2x2x2x2,L-BFGS entropy dual,,ok,False,100000,331.7269344329834,100000,-0.954828689190098,5.442436625979848e-08,0.0002693482475399,-1,-1,-1,-1,True,0.0,0.0,True,0,100000.0,True,0,100000.0,True,0,100000.0,True,0,100000.0,False,-1,,False,-1,,ising,mixed,0.0,,,hpc_qubit_mixed_N6N7/N6/ising_mixed_seed0_all_eps1em03.csv,cold,,
small,-2,small_ising_mixed_N6_seed0,0.001,2x2x2x2x2x2,KL descent (eta=eps/N),,ok,True,60144,677.0849914550781,60145,-0.95481737917808,9.999514782690851e-09,6.51957346608778e-05,60144,-1,60145,-1,False,0.001351246233931,1.1310012018039828e-05,True,1303,1304.0,True,6397,6398.0,True,17450,17451.0,True,29917,29918.0,True,54083,54084.0,False,-1,,ising,mixed,0.0,0.0001666666666666,eps_over_N,hpc_qubit_mixed_N6N7/N6/ising_mixed_seed0_all_eps1em03.csv,cold,,
small,-2,small_ising_mixed_N6_seed0,0.001,2x2x2x2x2x2,KL descent (eta=eps),,ok,True,10023,115.92919898033142,10024,-0.9548173774574216,9.99861172237738e-09,6.52043578118211e-05,10023,-1,10024,-1,False,0.0013514147131711,1.1311732676211328e-05,True,217,218.0,True,1067,1068.0,True,2909,2910.0,True,4986,4987.0,True,9013,9014.0,False,-1,,ising,mixed,0.0,0.001,eps,hpc_qubit_mixed_N6N7/N6/ising_mixed_seed0_all_eps1em03.csv,cold,,
small,-2,small_ising_mixed_N6_seed0,0.001,2x2x2x2x2x2,MD-Sinkhorn (M=1),1.0,ok,False,100000,549.9165983200073,24119,-0.9548152931173192,6.095400030365361e-07,9.983594257784167e-05,-1,-1,-1,-1,False,0.0019099672859166,1.339607277861532e-05,True,198,997.0,True,1039,4719.0,True,2765,10982.0,True,4522,16098.0,True,8196,24119.0,False,-1,,ising,mixed,0.0,,,hpc_qubit_mixed_N6N7/N6/ising_mixed_seed0_all_eps1em03.csv,cold,,
small,-2,small_ising_mixed_N6_seed0,0.001,2x2x2x2x2x2,MD-Sinkhorn (M=2),2.0,ok,False,100000,553.3707768917084,24801,-0.9548152838895894,5.996621234445147e-07,9.99088665776804e-05,-1,-1,-1,-1,False,0.0018900916449091,1.340530050852884e-05,True,110,1107.0,True,555,5079.0,True,1428,11190.0,True,2389,17004.0,True,4196,24801.0,False,-1,,ising,mixed,0.0,,,hpc_qubit_mixed_N6N7/N6/ising_mixed_seed0_all_eps1em03.csv,cold,,
small,-2,small_ising_mixed_N6_seed0,0.001,2x2x2x2x2x2,MD-Sinkhorn (M=5),5.0,ok,False,100000,565.4533498287201,26995,-0.9548152400651893,5.480976723817644e-07,9.98945870025747e-05,-1,-1,-1,-1,False,0.001817733778343,1.34491249086377e-05,True,62,1558.0,True,291,6544.0,True,665,12952.0,True,1131,19798.0,True,1922,26995.0,False,-1,,ising,mixed,0.0,,,hpc_qubit_mixed_N6N7/N6/ising_mixed_seed0_all_eps1em03.csv,cold,,
small,-2,small_random_mixed_N6_seed0,0.001,2x2x2x2x2x2,L-BFGS entropy dual,,ok,True,302,6.0689685344696045,302,-0.9661109499549894,5.542327270349682e-13,8.058369140426806e-07,0,-1,302,-1,True,0.0,0.0,True,0,302.0,True,0,302.0,True,0,302.0,True,0,302.0,True,0,302.0,True,0,302.0,random,mixed,0.0,,,hpc_qubit_mixed_N6N7/N6/random_mixed_seed0_all_eps1em03.csv,cold,,
small,-2,small_random_mixed_N6_seed0,0.001,2x2x2x2x2x2,KL descent (eta=eps/N),,ok,True,26469,127.47683906555176,26470,-0.9661152115761358,9.998202540951607e-09,9.60658426856982e-05,26469,-1,26470,-1,False,0.0002506278678373,4.2616211464174825e-06,True,3017,3018.0,True,6705,6706.0,True,11123,11124.0,True,15250,15251.0,True,26278,26279.0,False,-1,,random,mixed,0.0,0.0001666666666666,eps_over_N,hpc_qubit_mixed_N6N7/N6/random_mixed_seed0_all_eps1em03.csv,cold,,
small,-2,small_random_mixed_N6_seed0,0.001,2x2x2x2x2x2,KL descent (eta=eps),,ok,True,4410,21.59301376342773,4411,-0.9661152071163062,9.981616279547264e-09,9.599415978841156e-05,4410,-1,4411,-1,False,0.0002504202374054,4.257161316800762e-06,True,503,504.0,True,1117,1118.0,True,1853,1854.0,True,2541,2542.0,True,4378,4379.0,False,-1,,random,mixed,0.0,0.001,eps,hpc_qubit_mixed_N6N7/N6/random_mixed_seed0_all_eps1em03.csv,cold,,
small,-2,small_random_mixed_N6_seed0,0.001,2x2x2x2x2x2,MD-Sinkhorn (M=1),1.0,ok,False,100000,165.05046939849854,22696,-0.9661236674222669,2.9415323628559314e-08,9.948704070468912e-05,-1,-1,-1,-1,False,0.0004752874521309,1.2717467277489902e-05,True,499,2995.0,True,1095,6571.0,True,1796,10777.0,True,2426,14557.0,True,4046,22696.0,False,-1,,random,mixed,0.0,,,hpc_qubit_mixed_N6N7/N6/random_mixed_seed0_all_eps1em03.csv,cold,,
small,-2,small_random_mixed_N6_seed0,0.001,2x2x2x2x2x2,MD-Sinkhorn (M=2),2.0,ok,False,100000,157.11244440078735,22493,-0.9661238351712372,2.9386224797758597e-08,9.991359860178833e-05,-1,-1,-1,-1,False,0.0004764926820376,1.2885216247982e-05,True,251,3013.0,True,549,6589.0,True,899,10789.0,True,1198,14377.0,True,2032,22493.0,False,-1,,random,mixed,0.0,,,hpc_qubit_mixed_N6N7/N6/random_mixed_seed0_all_eps1em03.csv,cold,,
small,-2,small_random_mixed_N6_seed0,0.001,2x2x2x2x2x2,MD-Sinkhorn (M=5),5.0,ok,False,100000,155.021879196167,21668,-0.9661241272547824,2.8902752154805943e-08,9.998000316004878e-05,-1,-1,-1,-1,False,0.0004720648766685,1.3177299792888064e-05,True,102,3061.0,True,225,6751.0,True,365,10951.0,True,489,14285.0,True,852,21668.0,False,-1,,random,mixed,0.0,,,hpc_qubit_mixed_N6N7/N6/random_mixed_seed0_all_eps1em03.csv,cold,,
small,-2,small_ising_mixed_N7_seed0,0.001,2x2x2x2x2x2x2,L-BFGS entropy dual,,ok,False,100000,2932.82159614563,100000,-0.9793687521674384,1.3525990864108614e-07,0.0002828886215573,-1,-1,-1,-1,True,0.0,0.0,True,0,100000.0,True,0,100000.0,True,0,100000.0,True,0,100000.0,False,-1,,False,-1,,ising,mixed,0.0,,,hpc_qubit_mixed_N6N7/N7/ising_mixed_seed0_all_eps1em03.csv,cold,,
small,-2,small_ising_mixed_N7_seed0,0.001,2x2x2x2x2x2x2,KL descent (eta=eps/N),,ok,True,41640,1973.7863512039185,41641,-0.9793814346531328,9.999148517650837e-09,9.10710168221529e-05,41640,-1,41641,-1,False,0.000795452617514,1.2682485694415211e-05,True,1109,1110.0,True,7606,7607.0,True,16241,16242.0,True,24175,24176.0,True,40963,40964.0,False,-1,,ising,mixed,0.0,0.0001428571428571,eps_over_N,hpc_qubit_mixed_N6N7/N7/ising_mixed_seed0_all_eps1em03.csv,cold,,
small,-2,small_ising_mixed_N7_seed0,0.001,2x2x2x2x2x2x2,KL descent (eta=eps),,ok,False,100000,3790.811133146286,100001,-0.996090247059852,1.2382086750790462,0.8091051669488316,-1,-1,-1,-1,False,0.9035886700272326,0.0167214948924135,False,-1,,False,-1,,False,-1,,False,-1,,False,-1,,False,-1,,ising,mixed,0.0,0.001,eps,hpc_qubit_mixed_N6N7/N7/ising_mixed_seed0_all_eps1em03.csv,cold,,
small,-2,small_ising_mixed_N7_seed0,0.001,2x2x2x2x2x2x2,MD-Sinkhorn (M=1),1.0,ok,False,100000,1046.6571118831637,21699,-0.9793852606068087,3.47254547351639e-08,9.983118456274864e-05,-1,-1,-1,-1,False,0.001133516819215,1.6508439370399586e-05,True,144,804.0,True,893,4549.0,True,1879,9479.0,True,2718,13674.0,True,4685,21699.0,False,-1,,ising,mixed,0.0,,,hpc_qubit_mixed_N6N7/N7/ising_mixed_seed0_all_eps1em03.csv,cold,,
small,-2,small_ising_mixed_N7_seed0,0.001,2x2x2x2x2x2x2,MD-Sinkhorn (M=2),2.0,ok,False,100000,1012.4564366340636,22035,-0.9793844044439616,2.4997856708754425e-08,9.989481878447393e-05,-1,-1,-1,-1,False,0.0010789536483769,1.5652276523225872e-05,True,97,1060.0,True,493,4910.0,True,1032,10300.0,True,1518,14765.0,True,2674,22035.0,False,-1,,ising,mixed,0.0,,,hpc_qubit_mixed_N6N7/N7/ising_mixed_seed0_all_eps1em03.csv,cold,,
small,-2,small_ising_mixed_N7_seed0,0.001,2x2x2x2x2x2x2,MD-Sinkhorn (M=5),5.0,ok,False,100000,1043.3382415771484,25331,-0.9793806574493376,7.849139948492045e-08,9.992285017479396e-05,-1,-1,-1,-1,False,0.0009167621293693,1.1905281899204924e-05,True,103,2674.0,True,322,7856.0,True,697,15688.0,True,1130,22542.0,True,1757,25331.0,False,-1,,ising,mixed,0.0,,,hpc_qubit_mixed_N6N7/N7/ising_mixed_seed0_all_eps1em03.csv,cold,,
small,-2,small_random_mixed_N7_seed0,0.001,2x2x2x2x2x2x2,L-BFGS entropy dual,,ok,True,16,4.604740381240845,16,-0.9891757514996656,9.51895012991643e-13,7.154993584015666e-07,0,-1,16,-1,True,0.0,0.0,True,0,16.0,True,0,16.0,True,0,16.0,True,0,16.0,True,0,16.0,True,0,16.0,random,mixed,0.0,,,hpc_qubit_mixed_N6N7/N7/random_mixed_seed0_all_eps1em03.csv,cold,,
small,-2,small_random_mixed_N7_seed0,0.001,2x2x2x2x2x2x2,KL descent (eta=eps/N),,ok,True,33054,475.2437012195587,33055,-0.9891826934075404,9.998386010908704e-09,7.565334905665659e-05,33054,-1,33055,-1,False,0.0002608617839761,6.941907874757902e-06,True,4853,4854.0,True,9393,9394.0,True,14695,14696.0,True,18735,18736.0,True,31517,31518.0,False,-1,,random,mixed,0.0,0.0001428571428571,eps_over_N,hpc_qubit_mixed_N6N7/N7/random_mixed_seed0_all_eps1em03.csv,cold,,
small,-2,small_random_mixed_N7_seed0,0.001,2x2x2x2x2x2x2,KL descent (eta=eps),,ok,True,4720,66.77263307571411,4721,-0.9891826862180766,9.983239241968286e-09,7.559825248285509e-05,4720,-1,4721,-1,False,0.0002606620067781,6.934718411066854e-06,True,693,694.0,True,1341,1342.0,True,2098,2099.0,True,2675,2676.0,True,4500,4501.0,False,-1,,random,mixed,0.0,0.001,eps,hpc_qubit_mixed_N6N7/N7/random_mixed_seed0_all_eps1em03.csv,cold,,
small,-2,small_random_mixed_N7_seed0,0.001,2x2x2x2x2x2x2,MD-Sinkhorn (M=1),1.0,ok,False,100000,478.6198599338532,29497,-0.9891896715579998,3.5312636187214607e-08,9.99861783186296e-05,-1,-1,-1,-1,False,0.0004797012253857,1.3920058334226937e-05,True,693,4852.0,True,1341,9388.0,True,2097,14680.0,True,2674,18719.0,True,4342,29497.0,False,-1,,random,mixed,0.0,,,hpc_qubit_mixed_N6N7/N7/random_mixed_seed0_all_eps1em03.csv,cold,,
small,-2,small_random_mixed_N7_seed0,0.001,2x2x2x2x2x2x2,MD-Sinkhorn (M=2),2.0,ok,False,100000,471.07078981399536,29499,-0.9891896651136688,3.5286318533259794e-08,9.9990358313785e-05,-1,-1,-1,-1,False,0.0004794559508713,1.3913614003380204e-05,True,347,4859.0,True,671,9395.0,True,1049,14687.0,True,1338,18733.0,True,2173,29499.0,False,-1,,random,mixed,0.0,,,hpc_qubit_mixed_N6N7/N7/random_mixed_seed0_all_eps1em03.csv,cold,,
small,-2,small_random_mixed_N7_seed0,0.001,2x2x2x2x2x2x2,MD-Sinkhorn (M=5),5.0,ok,False,100000,475.7604968547821,29499,-0.9891896554324446,3.5268686745607974e-08,9.993699453698896e-05,-1,-1,-1,-1,False,0.0004791356607071,1.3903932779113504e-05,True,139,4866.0,True,269,9416.0,True,420,14701.0,True,536,18761.0,True,872,29499.0,False,-1,,random,mixed,0.0,,,hpc_qubit_mixed_N6N7/N7/random_mixed_seed0_all_eps1em03.csv,cold,,
wasserstein,-3,wasserstein_WC_d20,0.001,20x20,L-BFGS entropy dual,,ok,False,100000,27514.70561313629,100000,1.0000006567885236,6.967066448172624e-06,0.0006640248242799,-1,-1,-1,-1,True,0.0,0.0,True,0,100000.0,True,0,100000.0,True,0,100000.0,True,0,100000.0,False,-1,,False,-1,,,,,,,hpc_wasserstein/d20/WC_all_eps1em03.csv,cold,WC,20.0
wasserstein,-3,wasserstein_WC_d20,0.001,20x20,KL descent (eta=eps/N),,ok,False,100000,16146.935581922531,100001,1.0000010996363364,1.4740701167837818e-07,9.552342205803997e-07,-1,-1,-1,-1,False,0.0053016532066175,4.4284781286485497e-07,True,35,36.0,True,76,77.0,True,186,187.0,True,169,170.0,True,16286,16287.0,True,54461,54462.0,,,,0.0005,eps_over_N,hpc_wasserstein/d20/WC_all_eps1em03.csv,cold,WC,20.0
wasserstein,-3,wasserstein_WC_d20,0.001,20x20,KL descent (eta=eps),,ok,False,100000,16186.05626296997,100001,1.0000011095724617,1.473242123051811e-07,1.308186623855821e-07,-1,-1,-1,-1,False,0.0053200830117051,4.527839381207599e-07,True,18,19.0,True,41,42.0,True,104,105.0,True,95,96.0,True,7721,7722.0,True,26835,26836.0,,,,0.001,eps,hpc_wasserstein/d20/WC_all_eps1em03.csv,cold,WC,20.0
wasserstein,-3,wasserstein_WC_d20,0.001,20x20,MD-Sinkhorn (M=1),1.0,ok,False,100000,2776.288328886032,16259,1.0000006350069814,1.5864721856417098e-07,9.999967789598472e-05,-1,-1,-1,-1,False,0.004319604090521,2.1781542125509645e-08,True,18,37.0,True,38,77.0,True,96,193.0,True,101,203.0,True,8527,16259.0,False,-1,,,,,,,hpc_wasserstein/d20/WC_all_eps1em03.csv,cold,WC,20.0
wasserstein,-3,wasserstein_WC_d20,0.001,20x20,MD-Sinkhorn (M=2),2.0,ok,False,100000,2762.481060028076,16025,1.000000634735192,1.586980946112257e-07,9.99972103276956e-05,-1,-1,-1,-1,False,0.0043187881109626,2.205333160532064e-08,True,10,41.0,True,29,117.0,True,101,405.0,True,110,441.0,True,4700,16025.0,False,-1,,,,,,,hpc_wasserstein/d20/WC_all_eps1em03.csv,cold,WC,20.0
wasserstein,-3,wasserstein_WC_d20,0.001,20x20,MD-Sinkhorn (M=5),5.0,ok,False,100000,2797.686493396759,16014,1.0000006347252488,1.587005620723095e-07,9.99954542144756e-05,-1,-1,-1,-1,False,0.0043187499277136,2.2063274762729183e-08,True,4,41.0,True,12,121.0,True,42,421.0,True,46,461.0,True,1884,16014.0,False,-1,,,,,,,hpc_wasserstein/d20/WC_all_eps1em03.csv,cold,WC,20.0
wasserstein,-3,wasserstein_WP_d20,0.001,20x20,L-BFGS entropy dual,,ok,True,2,2.813814163208008,2,0.9999999999999998,-8.881784196961742e-16,3.800035684307393e-11,0,0,2,2,True,0.0,0.0,True,0,2.0,True,0,2.0,True,0,2.0,True,0,2.0,True,0,2.0,True,0,2.0,,,,,,hpc_wasserstein/d20/WP_all_eps1em03.csv,cold,WP,20.0
wasserstein,-3,wasserstein_WP_d20,0.001,20x20,KL descent (eta=eps/N),,ok,False,100000,10675.853883504868,100001,1.0000007199999708,1.5547564532867376e-07,7.596199660815437e-08,-1,-1,-1,-1,True,7.979999704639414e-08,7.199999709772698e-07,True,3,4.0,True,3,4.0,True,3,4.0,True,3,4.0,True,3,4.0,True,3,4.0,,,,0.0005,eps_over_N,hpc_wasserstein/d20/WP_all_eps1em03.csv,cold,WP,20.0
wasserstein,-3,wasserstein_WP_d20,0.001,20x20,KL descent (eta=eps),,ok,False,100000,10712.449729681017,100001,1.0000007199999708,1.5547564532867376e-07,7.596199660815437e-08,-1,-1,-1,-1,True,7.979999704639414e-08,7.199999709772698e-07,True,2,3.0,True,2,3.0,True,2,3.0,True,2,3.0,True,2,3.0,True,2,3.0,,,,0.001,eps,hpc_wasserstein/d20/WP_all_eps1em03.csv,cold,WP,20.0
wasserstein,-3,wasserstein_WP_d20,0.001,20x20,MD-Sinkhorn (M=1),1.0,ok,False,100000,73.31528735160828,4,1.0000007199312777,1.6061847557533558e-07,7.766614854450614e-08,-1,-1,-1,-1,True,8.150414898315889e-08,7.199312777039779e-07,True,2,4.0,True,2,4.0,True,2,4.0,True,2,4.0,True,2,4.0,True,2,4.0,,,,,,hpc_wasserstein/d20/WP_all_eps1em03.csv,cold,WP,20.0
wasserstein,-3,wasserstein_WP_d20,0.001,20x20,MD-Sinkhorn (M=2),2.0,ok,False,100000,73.96780347824097,4,1.0000007199312788,1.606183744583313e-07,7.76661153075791e-08,-1,-1,-1,-1,True,8.150411574740699e-08,7.199312790362455e-07,True,1,4.0,True,1,4.0,True,1,4.0,True,1,4.0,True,1,4.0,True,1,4.0,,,,,,hpc_wasserstein/d20/WP_all_eps1em03.csv,cold,WP,20.0
wasserstein,-3,wasserstein_WP_d20,0.001,20x20,MD-Sinkhorn (M=5),5.0,ok,False,100000,73.08427309989929,4,1.000000719931276,1.6061858135740524e-07,7.76661834700641e-08,-1,-1,-1,-1,True,8.150418390988434e-08,7.199312761496657e-07,True,1,4.0,True,1,4.0,True,1,4.0,True,1,4.0,True,1,4.0,True,1,4.0,,,,,,hpc_wasserstein/d20/WP_all_eps1em03.csv,cold,WP,20.0
