exp,N,d,seed,eps,tol_F,max_iter,algo,M_inner,converged,gibbs_to_tol,time_to_tol,sec_per_gibbs_to_tol,gibbs_total,wall_sec_total
E2_N2_MD_M125,2,2,0,1.0,1e-08,25000,MD,1,1,11.0,0.014533281326293945,0.0013212073932994497,11.0,0.014533281326293945
E2_N2_MD_M125,2,2,0,1.0,1e-08,25000,MD,2,1,17.0,0.014010906219482422,0.0008241709540872013,17.0,0.0150146484375
E2_N2_MD_M125,2,2,0,1.0,1e-08,25000,MD,5,1,41.0,0.030198335647583008,0.0007365447718922685,41.0,0.031210660934448242
E2_N2_MD_M125,2,3,0,1.0,1e-08,25000,MD,1,1,9.0,0.01052236557006836,0.0011691517300075954,9.0,0.011506795883178711
E2_N2_MD_M125,2,3,0,1.0,1e-08,25000,MD,2,1,17.0,0.01910567283630371,0.0011238631080178654,17.0,0.01910567283630371
E2_N2_MD_M125,2,3,0,1.0,1e-08,25000,MD,5,1,41.0,0.030693531036376953,0.0007486227082043159,41.0,0.030693531036376953
E2_N2_MD_M125,2,4,0,1.0,1e-08,25000,MD,1,1,17.0,0.02129340171813965,0.0012525530422435088,17.0,0.0222928524017334
E2_N2_MD_M125,2,4,0,1.0,1e-08,25000,MD,2,1,17.0,0.026815176010131836,0.0015773632947136374,17.0,0.026815176010131836
E2_N2_MD_M125,2,4,0,1.0,1e-08,25000,MD,5,1,31.0,0.04123044013977051,0.001330014198057113,31.0,0.04221773147583008
E2_N2_MD_M125,2,5,0,1.0,1e-08,25000,MD,1,1,27.0,0.4798727035522461,0.017773063094527634,27.0,0.501969575881958
E2_N2_MD_M125,2,5,0,1.0,1e-08,25000,MD,2,1,29.0,0.518622636795044,0.0178835391998291,29.0,0.5386550426483154
E2_N2_MD_M125,2,5,0,1.0,1e-08,25000,MD,5,1,31.0,0.4830620288848877,0.015582646093060893,31.0,0.5056600570678711
E2_N2_MD_M125,2,6,0,1.0,1e-08,25000,MD,1,1,15.0,0.03309273719787598,0.0022061824798583984,15.0,0.03504610061645508
E2_N2_MD_M125,2,6,0,1.0,1e-08,25000,MD,2,1,13.0,0.024114370346069336,0.0018549515650822567,13.0,0.025212526321411133
E2_N2_MD_M125,2,6,0,1.0,1e-08,25000,MD,5,1,31.0,0.05451035499572754,0.0017583985482492754,31.0,0.05652117729187012
E2_N2_MD_M125,2,7,0,1.0,1e-08,25000,MD,1,1,75.0,1.1579923629760742,0.015439898173014322,75.0,1.169748306274414
E2_N2_MD_M125,2,7,0,1.0,1e-08,25000,MD,2,1,77.0,1.1797118186950684,0.015320932710325563,77.0,1.1912858486175537
E2_N2_MD_M125,2,7,0,1.0,1e-08,25000,MD,5,1,81.0,1.2430167198181152,0.015345885429853275,81.0,1.2570431232452393
E2_N2_MD_M125,2,8,0,1.0,1e-08,25000,MD,1,1,11.0,0.3855881690979004,0.035053469917990944,11.0,0.42618536949157715
E2_N2_MD_M125,2,8,0,1.0,1e-08,25000,MD,2,1,13.0,0.5591211318969727,0.043009317838228665,13.0,0.6021203994750977
E2_N2_MD_M125,2,8,0,1.0,1e-08,25000,MD,5,1,31.0,1.1522951126098633,0.03717081008418914,31.0,1.1784553527832031
E2_N2_MD_M125,2,9,0,1.0,1e-08,25000,MD,1,1,27.0,4.826732397079468,0.1787678665584988,27.0,4.990020751953125
E2_N2_MD_M125,2,9,0,1.0,1e-08,25000,MD,2,1,25.0,4.503852844238281,0.18015411376953125,25.0,4.700403451919556
E2_N2_MD_M125,2,9,0,1.0,1e-08,25000,MD,5,1,31.0,5.649913311004639,0.18225526809692383,31.0,5.826922178268433
E2_N2_MD_M125,2,10,0,1.0,1e-08,25000,MD,1,1,39.0,13.860363006591797,0.3553939232459435,39.0,14.224086284637451
E2_N2_MD_M125,2,10,0,1.0,1e-08,25000,MD,2,1,41.0,16.895277500152588,0.4120799390281119,41.0,17.25355100631714
E2_N2_MD_M125,2,10,0,1.0,1e-08,25000,MD,5,1,41.0,17.18517804145813,0.41915068393800314,41.0,17.682849884033203
E2_N2_MD_M125,2,11,0,1.0,1e-08,25000,MD,1,1,43.0,32.28390622138977,0.7507885167765063,43.0,33.32797312736511
E2_N2_MD_M125,2,11,0,1.0,1e-08,25000,MD,2,1,41.0,30.380955457687378,0.7409989136021312,41.0,31.189301252365112
E2_N2_MD_M125,2,11,0,1.0,1e-08,25000,MD,5,1,41.0,29.758790731430054,0.7258241641812209,41.0,30.934924602508545
E2_N2_MD_M125,2,12,0,1.0,1e-08,25000,MD,1,1,51.0,53.050124645233154,1.040198522455552,51.0,54.129385471343994
E2_N2_MD_M125,2,12,0,1.0,1e-08,25000,MD,2,1,53.0,50.381932735443115,0.950602504442323,53.0,51.322869062423706
E2_N2_MD_M125,2,12,0,1.0,1e-08,25000,MD,5,1,51.0,49.39779186248779,0.9685841541664273,51.0,50.459601640701294
E2_N2_MD_M125,2,2,1,1.0,1e-08,25000,MD,1,1,11.0,0.014629602432250977,0.0013299638574773614,11.0,0.014629602432250977
E2_N2_MD_M125,2,2,1,1.0,1e-08,25000,MD,2,1,17.0,0.014735698699951172,0.0008668058058794807,17.0,0.015257835388183594
E2_N2_MD_M125,2,2,1,1.0,1e-08,25000,MD,5,1,41.0,0.03319859504699707,0.0008097218304145626,41.0,0.03424715995788574
E2_N2_MD_M125,2,3,1,1.0,1e-08,25000,MD,1,1,11.0,0.017121315002441406,0.0015564831820401278,11.0,0.018121004104614258
E2_N2_MD_M125,2,3,1,1.0,1e-08,25000,MD,2,1,17.0,0.022565126419067383,0.001327360377592199,17.0,0.02356433868408203
E2_N2_MD_M125,2,3,1,1.0,1e-08,25000,MD,5,1,41.0,0.05101966857910156,0.0012443821604658917,41.0,0.05101966857910156
E2_N2_MD_M125,2,4,1,1.0,1e-08,25000,MD,1,1,11.0,0.01896953582763672,0.0017245032570578835,11.0,0.019985675811767578
E2_N2_MD_M125,2,4,1,1.0,1e-08,25000,MD,2,1,13.0,0.021043777465820312,0.0016187521127554087,13.0,0.022052764892578125
E2_N2_MD_M125,2,4,1,1.0,1e-08,25000,MD,5,1,31.0,0.0441584587097168,0.0014244664099908645,31.0,0.04715466499328613
E2_N2_MD_M125,2,5,1,1.0,1e-08,25000,MD,1,1,19.0,0.3377509117126465,0.017776363774349813,19.0,0.3719789981842041
E2_N2_MD_M125,2,5,1,1.0,1e-08,25000,MD,2,1,21.0,0.37797021865844727,0.017998581840878443,21.0,0.4039881229400635
E2_N2_MD_M125,2,5,1,1.0,1e-08,25000,MD,5,1,31.0,0.5402710437774658,0.017428098186369863,31.0,0.5514097213745117
E2_N2_MD_M125,2,6,1,1.0,1e-08,25000,MD,1,1,13.0,0.03471541404724121,0.0026704164651724007,13.0,0.03673267364501953
E2_N2_MD_M125,2,6,1,1.0,1e-08,25000,MD,2,1,13.0,0.031230688095092773,0.002402360622699444,13.0,0.03313159942626953
E2_N2_MD_M125,2,6,1,1.0,1e-08,25000,MD,5,1,31.0,0.07652044296264648,0.0024684013858918222,31.0,0.07810711860656738
E2_N2_MD_M125,2,7,1,1.0,1e-08,25000,MD,1,1,13.0,0.24704384803771973,0.01900337292597844,13.0,0.26502418518066406
E2_N2_MD_M125,2,7,1,1.0,1e-08,25000,MD,2,1,13.0,0.27605319023132324,0.021234860787024863,13.0,0.2934305667877197
E2_N2_MD_M125,2,7,1,1.0,1e-08,25000,MD,5,1,31.0,0.6552233695983887,0.02113623772898028,31.0,0.680487871170044
E2_N2_MD_M125,2,8,1,1.0,1e-08,25000,MD,1,1,71.0,2.981757640838623,0.04199658649068483,71.0,3.0250308513641357
E2_N2_MD_M125,2,8,1,1.0,1e-08,25000,MD,2,1,73.0,3.212872266769409,0.04401194885985492,73.0,3.2562432289123535
E2_N2_MD_M125,2,8,1,1.0,1e-08,25000,MD,5,1,71.0,3.1478567123413086,0.04433601003297618,71.0,3.182546615600586
E2_N2_MD_M125,2,9,1,1.0,1e-08,25000,MD,1,1,21.0,4.046700477600098,0.1927000227428618,21.0,4.205469608306885
E2_N2_MD_M125,2,9,1,1.0,1e-08,25000,MD,2,1,21.0,3.8869731426239014,0.18509395917256674,21.0,4.068693161010742
E2_N2_MD_M125,2,9,1,1.0,1e-08,25000,MD,5,1,31.0,6.282098293304443,0.20264833204207883,31.0,6.496007442474365
E2_N2_MD_M125,2,10,1,1.0,1e-08,25000,MD,1,1,199.0,82.48695683479309,0.41450732077785474,199.0,83.01708817481995
E2_N2_MD_M125,2,10,1,1.0,1e-08,25000,MD,2,1,201.0,79.74100089073181,0.3967213974663274,201.0,80.13665652275085
E2_N2_MD_M125,2,10,1,1.0,1e-08,25000,MD,5,1,201.0,72.9124014377594,0.3627482658594995,201.0,73.32355546951294
E2_N2_MD_M125,2,11,1,1.0,1e-08,25000,MD,1,1,21.0,12.898497104644775,0.6142141478402274,21.0,13.627756357192993
E2_N2_MD_M125,2,11,1,1.0,1e-08,25000,MD,2,1,21.0,12.69425654411316,0.6044884068625314,21.0,13.388727903366089
E2_N2_MD_M125,2,11,1,1.0,1e-08,25000,MD,5,1,31.0,19.84262228012085,0.6400845896813178,31.0,20.449438333511353
E2_N2_MD_M125,2,12,1,1.0,1e-08,25000,MD,1,1,15.0,12.978405475616455,0.8652270317077637,15.0,13.898416757583618
E2_N2_MD_M125,2,12,1,1.0,1e-08,25000,MD,2,1,17.0,15.550430536270142,0.9147312080158907,17.0,16.51336407661438
E2_N2_MD_M125,2,12,1,1.0,1e-08,25000,MD,5,1,31.0,29.08128547668457,0.9381059831188571,31.0,30.07104182243347
E2_N2_MD_M125,2,2,2,1.0,1e-08,25000,MD,1,1,11.0,0.013639688491821289,0.0012399716810746627,11.0,0.013639688491821289
E2_N2_MD_M125,2,2,2,1.0,1e-08,25000,MD,2,1,17.0,0.018108367919921875,0.001065198112936581,17.0,0.018108367919921875
E2_N2_MD_M125,2,2,2,1.0,1e-08,25000,MD,5,1,31.0,0.026868343353271484,0.0008667207533313383,31.0,0.027875661849975586
E2_N2_MD_M125,2,3,2,1.0,1e-08,25000,MD,1,1,9.0,0.01436758041381836,0.0015963978237575954,9.0,0.015418291091918945
E2_N2_MD_M125,2,3,2,1.0,1e-08,25000,MD,2,1,13.0,0.014517784118652344,0.0011167526245117188,13.0,0.014517784118652344
E2_N2_MD_M125,2,3,2,1.0,1e-08,25000,MD,5,1,31.0,0.0330047607421875,0.0010646697013608872,31.0,0.034008026123046875
E2_N2_MD_M125,2,4,2,1.0,1e-08,25000,MD,1,1,25.0,0.04022026062011719,0.0016088104248046875,25.0,0.041132450103759766
E2_N2_MD_M125,2,4,2,1.0,1e-08,25000,MD,2,1,25.0,0.032694101333618164,0.0013077640533447265,25.0,0.032694101333618164
E2_N2_MD_M125,2,4,2,1.0,1e-08,25000,MD,5,1,31.0,0.036093711853027344,0.0011643132855815271,31.0,0.03719449043273926
E2_N2_MD_M125,2,5,2,1.0,1e-08,25000,MD,1,1,13.0,0.2314462661743164,0.01780355893648588,13.0,0.2458958625793457
E2_N2_MD_M125,2,5,2,1.0,1e-08,25000,MD,2,1,13.0,0.2571897506713867,0.019783826974722054,13.0,0.27866172790527344
E2_N2_MD_M125,2,5,2,1.0,1e-08,25000,MD,5,1,31.0,0.6722071170806885,0.02168410055098995,31.0,0.6936721801757812
E2_N2_MD_M125,2,6,2,1.0,1e-08,25000,MD,1,1,13.0,0.03838610649108887,0.0029527774223914514,13.0,0.0394747257232666
E2_N2_MD_M125,2,6,2,1.0,1e-08,25000,MD,2,1,13.0,0.03280806541442871,0.002523697339571439,13.0,0.03382611274719238
E2_N2_MD_M125,2,6,2,1.0,1e-08,25000,MD,5,1,31.0,0.06972217559814453,0.0022491024386498237,31.0,0.07173895835876465
E2_N2_MD_M125,2,7,2,1.0,1e-08,25000,MD,1,1,15.0,0.22747039794921875,0.015164693196614584,15.0,0.2407236099243164
E2_N2_MD_M125,2,7,2,1.0,1e-08,25000,MD,2,1,17.0,0.24043583869934082,0.01414328462937299,17.0,0.2561936378479004
E2_N2_MD_M125,2,7,2,1.0,1e-08,25000,MD,5,1,31.0,0.43798279762268066,0.014128477342667119,31.0,0.4517059326171875
E2_N2_MD_M125,2,8,2,1.0,1e-08,25000,MD,1,1,11.0,0.41974306106567383,0.03815846009687944,11.0,0.4629952907562256
E2_N2_MD_M125,2,8,2,1.0,1e-08,25000,MD,2,1,13.0,0.501192569732666,0.03855327459482046,13.0,0.5439281463623047
E2_N2_MD_M125,2,8,2,1.0,1e-08,25000,MD,5,1,31.0,1.3601584434509277,0.04387607882099767,31.0,1.409191370010376
E2_N2_MD_M125,2,9,2,1.0,1e-08,25000,MD,1,1,71.0,12.600463390350342,0.17747131535704708,71.0,12.771397113800049
E2_N2_MD_M125,2,9,2,1.0,1e-08,25000,MD,2,1,73.0,13.337225198745728,0.18270171505131133,73.0,13.492233514785767
E2_N2_MD_M125,2,9,2,1.0,1e-08,25000,MD,5,1,71.0,15.402407169342041,0.2169353122442541,71.0,15.60549283027649
E2_N2_MD_M125,2,10,2,1.0,1e-08,25000,MD,1,1,11.0,3.4989850521087646,0.31808955019170587,11.0,3.8877289295196533
E2_N2_MD_M125,2,10,2,1.0,1e-08,25000,MD,2,1,13.0,4.6917724609375,0.3609055739182692,13.0,5.0920491218566895
E2_N2_MD_M125,2,10,2,1.0,1e-08,25000,MD,5,1,31.0,11.076577186584473,0.3573089415027249,31.0,11.43159532546997
E2_N2_MD_M125,2,11,2,1.0,1e-08,25000,MD,1,1,13.0,8.970314025878906,0.690024155836839,13.0,9.55769419670105
E2_N2_MD_M125,2,11,2,1.0,1e-08,25000,MD,2,1,17.0,15.550909519195557,0.9147593834820915,17.0,16.22087788581848
E2_N2_MD_M125,2,11,2,1.0,1e-08,25000,MD,5,1,31.0,20.352941036224365,0.6565464850394956,31.0,21.378933906555176
E2_N2_MD_M125,2,12,2,1.0,1e-08,25000,MD,1,1,17.0,15.553281307220459,0.9148989004247329,17.0,16.5648832321167
E2_N2_MD_M125,2,12,2,1.0,1e-08,25000,MD,2,1,17.0,15.079314708709717,0.8870185122770422,17.0,15.955756902694702
E2_N2_MD_M125,2,12,2,1.0,1e-08,25000,MD,5,1,31.0,30.97712779045105,0.9992621867887436,31.0,32.09834575653076
E2_N2_MD_M125,2,2,3,1.0,1e-08,25000,MD,1,1,9.0,0.01220393180847168,0.00135599242316352,9.0,0.01220393180847168
E2_N2_MD_M125,2,2,3,1.0,1e-08,25000,MD,2,1,13.0,0.015518665313720703,0.0011937434856708234,13.0,0.016542673110961914
E2_N2_MD_M125,2,2,3,1.0,1e-08,25000,MD,5,1,31.0,0.03187417984008789,0.0010281993496802546,31.0,0.03345990180969238
E2_N2_MD_M125,2,3,3,1.0,1e-08,25000,MD,1,1,11.0,0.01851058006286621,0.00168278000571511,11.0,0.019537925720214844
E2_N2_MD_M125,2,3,3,1.0,1e-08,25000,MD,2,1,17.0,0.02761673927307129,0.0016245140748865465,17.0,0.02761673927307129
E2_N2_MD_M125,2,3,3,1.0,1e-08,25000,MD,5,1,41.0,0.052172183990478516,0.0012724922924506955,41.0,0.05318856239318848
E2_N2_MD_M125,2,4,3,1.0,1e-08,25000,MD,1,1,11.0,0.022256851196289062,0.002023350108753551,11.0,0.022256851196289062
E2_N2_MD_M125,2,4,3,1.0,1e-08,25000,MD,2,1,13.0,0.02000737190246582,0.001539028607881986,13.0,0.021008014678955078
E2_N2_MD_M125,2,4,3,1.0,1e-08,25000,MD,5,1,31.0,0.05094337463378906,0.0016433346656060989,31.0,0.05194711685180664
E2_N2_MD_M125,2,5,3,1.0,1e-08,25000,MD,1,1,11.0,0.27872180938720703,0.025338346307927914,11.0,0.3210463523864746
E2_N2_MD_M125,2,5,3,1.0,1e-08,25000,MD,2,1,13.0,0.21233749389648438,0.016333653376652643,13.0,0.26607418060302734
E2_N2_MD_M125,2,5,3,1.0,1e-08,25000,MD,5,1,31.0,0.483079195022583,0.015583199839438162,31.0,0.4891219139099121
E2_N2_MD_M125,2,6,3,1.0,1e-08,25000,MD,1,1,37.0,0.11707329750061035,0.0031641431756921717,37.0,0.11917757987976074
E2_N2_MD_M125,2,6,3,1.0,1e-08,25000,MD,2,1,37.0,0.12020301818847656,0.0032487302213101772,37.0,0.12221598625183105
E2_N2_MD_M125,2,6,3,1.0,1e-08,25000,MD,5,1,41.0,0.12457275390625,0.0030383598513719513,41.0,0.12656807899475098
E2_N2_MD_M125,2,7,3,1.0,1e-08,25000,MD,1,1,17.0,0.25701189041137695,0.01511834649478688,17.0,0.28117847442626953
E2_N2_MD_M125,2,7,3,1.0,1e-08,25000,MD,2,1,17.0,0.2829277515411377,0.01664280891418457,17.0,0.29653024673461914
E2_N2_MD_M125,2,7,3,1.0,1e-08,25000,MD,5,1,31.0,0.4198794364929199,0.013544497951384514,31.0,0.43242645263671875
E2_N2_MD_M125,2,8,3,1.0,1e-08,25000,MD,1,1,11.0,0.5339171886444092,0.04853792624040083,11.0,0.5731155872344971
E2_N2_MD_M125,2,8,3,1.0,1e-08,25000,MD,2,1,13.0,0.5241317749023438,0.04031782883864183,13.0,0.5837583541870117
E2_N2_MD_M125,2,8,3,1.0,1e-08,25000,MD,5,1,31.0,1.5747923851013184,0.05079975435810705,31.0,1.6211934089660645
E2_N2_MD_M125,2,9,3,1.0,1e-08,25000,MD,1,1,31.0,6.210482597351074,0.20033814830164756,31.0,6.397090435028076
E2_N2_MD_M125,2,9,3,1.0,1e-08,25000,MD,2,1,33.0,6.631954908370972,0.2009683305566961,33.0,6.828872919082642
E2_N2_MD_M125,2,9,3,1.0,1e-08,25000,MD,5,1,41.0,7.828479290008545,0.19093851926850108,41.0,8.002043008804321
E2_N2_MD_M125,2,10,3,1.0,1e-08,25000,MD,1,1,59.0,22.738221645355225,0.3853935872094106,59.0,23.19658064842224
E2_N2_MD_M125,2,10,3,1.0,1e-08,25000,MD,2,1,61.0,28.80722975730896,0.4722496681526059,61.0,29.165316581726074
E2_N2_MD_M125,2,10,3,1.0,1e-08,25000,MD,5,1,61.0,23.665412664413452,0.3879575846625156,61.0,24.057714223861694
E2_N2_MD_M125,2,11,3,1.0,1e-08,25000,MD,1,1,59.0,57.8612699508667,0.9806994906926559,59.0,58.653209924697876
E2_N2_MD_M125,2,11,3,1.0,1e-08,25000,MD,2,1,61.0,60.53920006752014,0.9924459027462318,61.0,61.6221764087677
E2_N2_MD_M125,2,11,3,1.0,1e-08,25000,MD,5,1,61.0,47.65650415420532,0.7812541664623823,61.0,48.43659257888794
E2_N2_MD_M125,2,12,3,1.0,1e-08,25000,MD,1,1,19.0,18.669174671173096,0.9825881405880577,19.0,20.096710205078125
E2_N2_MD_M125,2,12,3,1.0,1e-08,25000,MD,2,1,17.0,18.284005165100098,1.0755297155941235,17.0,19.252971410751343
E2_N2_MD_M125,2,12,3,1.0,1e-08,25000,MD,5,1,31.0,34.00188875198364,1.0968351210317304,31.0,35.194474935531616
E2_N2_MD_M125,2,2,4,1.0,1e-08,25000,MD,1,1,9.0,0.014142036437988281,0.001571337381998698,9.0,0.014142036437988281
E2_N2_MD_M125,2,2,4,1.0,1e-08,25000,MD,2,1,13.0,0.016003131866455078,0.0012310101435734676,13.0,0.017002582550048828
E2_N2_MD_M125,2,2,4,1.0,1e-08,25000,MD,5,1,31.0,0.03769826889038086,0.0012160731900122859,31.0,0.03769826889038086
E2_N2_MD_M125,2,3,4,1.0,1e-08,25000,MD,1,1,9.0,0.01873469352722168,0.002081632614135742,9.0,0.019767284393310547
E2_N2_MD_M125,2,3,4,1.0,1e-08,25000,MD,2,1,17.0,0.0274503231048584,0.0016147248885210823,17.0,0.029964923858642578
E2_N2_MD_M125,2,3,4,1.0,1e-08,25000,MD,5,1,41.0,0.056275129318237305,0.001372564129713105,41.0,0.056275129318237305
E2_N2_MD_M125,2,4,4,1.0,1e-08,25000,MD,1,1,11.0,0.0268247127532959,0.0024386102502996273,11.0,0.027825355529785156
E2_N2_MD_M125,2,4,4,1.0,1e-08,25000,MD,2,1,17.0,0.031032800674438477,0.0018254588632022634,17.0,0.032030344009399414
E2_N2_MD_M125,2,4,4,1.0,1e-08,25000,MD,5,1,41.0,0.0666801929473877,0.0016263461694484803,41.0,0.06762170791625977
E2_N2_MD_M125,2,5,4,1.0,1e-08,25000,MD,1,1,9.0,0.11721444129943848,0.01302382681104872,9.0,0.1320056915283203
E2_N2_MD_M125,2,5,4,1.0,1e-08,25000,MD,2,1,13.0,0.2616121768951416,0.020124013607318584,13.0,0.2812070846557617
E2_N2_MD_M125,2,5,4,1.0,1e-08,25000,MD,5,1,31.0,0.705676794052124,0.022763767550068516,31.0,0.7354292869567871
E2_N2_MD_M125,2,6,4,1.0,1e-08,25000,MD,1,1,17.0,0.059777259826660156,0.0035163094015682444,17.0,0.06241154670715332
E2_N2_MD_M125,2,6,4,1.0,1e-08,25000,MD,2,1,17.0,0.060120344161987305,0.0035364908330580767,17.0,0.06313824653625488
E2_N2_MD_M125,2,6,4,1.0,1e-08,25000,MD,5,1,31.0,0.10027885437011719,0.003234801753874748,31.0,0.10227847099304199
E2_N2_MD_M125,2,7,4,1.0,1e-08,25000,MD,1,1,37.0,0.7219758033752441,0.019512859550682275,37.0,0.7399382591247559
E2_N2_MD_M125,2,7,4,1.0,1e-08,25000,MD,2,1,37.0,0.8121910095214844,0.021951108365445525,37.0,0.829437255859375
E2_N2_MD_M125,2,7,4,1.0,1e-08,25000,MD,5,1,41.0,0.9740900993347168,0.0237582951057248,41.0,1.0021758079528809
E2_N2_MD_M125,2,8,4,1.0,1e-08,25000,MD,1,1,11.0,0.47661781311035156,0.04332889210094105,11.0,0.529120683670044
E2_N2_MD_M125,2,8,4,1.0,1e-08,25000,MD,2,1,13.0,0.6100895404815674,0.04692996465242826,13.0,0.6457767486572266
E2_N2_MD_M125,2,8,4,1.0,1e-08,25000,MD,5,1,31.0,1.5217313766479492,0.04908810892412739,31.0,1.5699238777160645
E2_N2_MD_M125,2,9,4,1.0,1e-08,25000,MD,1,1,99.0,19.615389108657837,0.19813524352179634,99.0,19.806233644485474
E2_N2_MD_M125,2,9,4,1.0,1e-08,25000,MD,2,1,101.0,18.598138093948364,0.18413998112820162,101.0,18.77539038658142
E2_N2_MD_M125,2,9,4,1.0,1e-08,25000,MD,5,1,101.0,18.232519388198853,0.1805199939425629,101.0,18.44859743118286
E2_N2_MD_M125,2,10,4,1.0,1e-08,25000,MD,1,1,29.0,10.781004428863525,0.3717587734090871,29.0,11.16606068611145
E2_N2_MD_M125,2,10,4,1.0,1e-08,25000,MD,2,1,29.0,10.044795751571655,0.3463722672955743,29.0,10.36965823173523
E2_N2_MD_M125,2,10,4,1.0,1e-08,25000,MD,5,1,31.0,11.271857261657715,0.3636082987631521,31.0,11.73120665550232
E2_N2_MD_M125,2,11,4,1.0,1e-08,25000,MD,1,1,15.0,9.986653327941895,0.6657768885294596,15.0,10.564631938934326
E2_N2_MD_M125,2,11,4,1.0,1e-08,25000,MD,2,1,13.0,8.4208824634552,0.6477601894965539,13.0,9.098816394805908
E2_N2_MD_M125,2,11,4,1.0,1e-08,25000,MD,5,1,31.0,20.66763997077942,0.6666980635735297,31.0,21.25944209098816
E2_N2_MD_M125,2,12,4,1.0,1e-08,25000,MD,1,1,57.0,59.16318917274475,1.037950687241136,57.0,60.262885093688965
E2_N2_MD_M125,2,12,4,1.0,1e-08,25000,MD,2,1,57.0,58.54107093811035,1.02703633224755,57.0,59.78189945220947
E2_N2_MD_M125,2,12,4,1.0,1e-08,25000,MD,5,1,61.0,60.12818360328674,0.9857079279227335,61.0,61.16768169403076
