small_kind,small_case,N,seed,eps,method,mode,phase,iter,local_gibbs_calls,warmup_gibbs_calls,total_gibbs_calls,time_sec,F_marg,e_tr,converged_final
ising,mixed,3,0,0.001,KL eta=eps/N,cold,target_eps,0,1,0,1,0.0,0.3743244687109914,0.7761635254068233,False
ising,mixed,3,0,0.001,KL eta=eps/N,cold,target_eps,1,2,0,2,0.001007080078125,0.37392482476280436,0.7758377639446495,False
ising,mixed,3,0,0.001,KL eta=eps/N,cold,target_eps,2,3,0,3,0.0019905567169189453,0.3735247386491817,0.7755112876448103,False
ising,mixed,3,0,0.001,KL eta=eps/N,cold,target_eps,3,4,0,4,0.0019905567169189453,0.3731242113229874,0.7751840957388162,False
ising,mixed,3,0,0.001,KL eta=eps/N,cold,target_eps,4,5,0,5,0.003054380416870117,0.3727232437456949,0.7748561874630828,False
ising,mixed,3,0,0.001,KL eta=eps/N,cold,target_eps,5,6,0,6,0.004058837890625,0.3723218368874037,0.7745275620589668,False
ising,mixed,3,0,0.001,KL eta=eps/N,cold,target_eps,6,7,0,7,0.004058837890625,0.3719199917268533,0.7741982187728091,False
ising,mixed,3,0,0.001,KL eta=eps/N,cold,target_eps,7,8,0,8,0.0051517486572265625,0.3715177092514405,0.7738681568559744,False
ising,mixed,3,0,0.001,KL eta=eps/N,cold,target_eps,8,9,0,9,0.006159305572509766,0.37111499045722784,0.7735373755648852,False
ising,mixed,3,0,0.001,KL eta=eps/N,cold,target_eps,9,10,0,10,0.006159305572509766,0.3707118363489644,0.7732058741610682,False
ising,mixed,3,0,0.001,KL eta=eps/N,cold,target_eps,10,11,0,11,0.007153034210205078,0.37030824794009376,0.7728736519111882,False
ising,mixed,3,0,0.001,KL eta=eps/N,cold,target_eps,11,12,0,12,0.008152484893798828,0.3699042262527723,0.7725407080870916,False
ising,mixed,3,0,0.001,KL eta=eps/N,cold,target_eps,12,13,0,13,0.008152484893798828,0.36949977231788,0.772207041965843,False
ising,mixed,3,0,0.001,KL eta=eps/N,cold,target_eps,13,14,0,14,0.009151935577392578,0.3690948871750345,0.7718726528297685,False
ising,mixed,3,0,0.001,KL eta=eps/N,cold,target_eps,14,15,0,15,0.010163068771362305,0.3686895718726022,0.7715375399664901,False
ising,mixed,3,0,0.001,KL eta=eps/N,cold,target_eps,15,16,0,16,0.011151313781738281,0.36828382746771354,0.7712017026689705,False
ising,mixed,3,0,0.001,KL eta=eps/N,cold,target_eps,16,17,0,17,0.011151313781738281,0.36787765502627306,0.7708651402355493,False
ising,mixed,3,0,0.001,KL eta=eps/N,cold,target_eps,17,18,0,18,0.012153387069702148,0.3674710556229722,0.770527851969985,False
ising,mixed,3,0,0.001,KL eta=eps/N,cold,target_eps,18,19,0,19,0.013159513473510742,0.3670640303413057,0.7701898371814966,False
ising,mixed,3,0,0.001,KL eta=eps/N,cold,target_eps,19,20,0,20,0.013159513473510742,0.3666565802735736,0.7698510951847978,False
ising,mixed,3,0,1.0,KL eta=eps/N,warm_matched,warmup_stage,0,10,19,10,0.007672309875488281,4.9259672273212424e-05,0.009043352542827454,False
ising,mixed,3,0,0.1,KL eta=eps/N,warm_matched,warmup_stage,1,19,19,19,0.013681411743164062,0.04965992140747974,0.22929836119698704,False
ising,mixed,3,0,0.001,KL eta=eps/N,warm_matched,target_eps,0,1,19,20,0.0,0.45296033379778794,0.8115459589925472,False
ising,mixed,3,0,0.001,KL eta=eps,cold,target_eps,0,1,0,1,0.0,0.3743244687109914,0.7761635254068233,False
ising,mixed,3,0,0.001,KL eta=eps,cold,target_eps,1,2,0,2,0.0,0.37312293815389386,0.7751830450948434,False
ising,mixed,3,0,0.001,KL eta=eps,cold,target_eps,2,3,0,3,0.0009489059448242188,0.37191743245857645,0.7741960999337009,False
ising,mixed,3,0,0.001,KL eta=eps,cold,target_eps,3,4,0,4,0.0020058155059814453,0.3707079780808028,0.773202669426952,False
ising,mixed,3,0,0.001,KL eta=eps,cold,target_eps,4,5,0,5,0.0020058155059814453,0.36949460218210345,0.772202733489265,False
ising,mixed,3,0,0.001,KL eta=eps,cold,target_eps,5,6,0,6,0.0030105113983154297,0.3682773326331739,0.7711962724560802,False
ising,mixed,3,0,0.001,KL eta=eps,cold,target_eps,6,7,0,7,0.003957509994506836,0.3670561980171075,0.7701832670933084,False
ising,mixed,3,0,0.001,KL eta=eps,cold,target_eps,7,8,0,8,0.003957509994506836,0.3658312276324731,0.7691636986070871,False
ising,mixed,3,0,0.001,KL eta=eps,cold,target_eps,8,9,0,9,0.005009889602661133,0.36460245149619197,0.7681375486535547,False
ising,mixed,3,0,0.001,KL eta=eps,cold,target_eps,9,10,0,10,0.006039857864379883,0.3633699003462547,0.767104799348671,False
ising,mixed,3,0,0.001,KL eta=eps,cold,target_eps,10,11,0,11,0.007000446319580078,0.36213360564423525,0.7660654332780588,False
ising,mixed,3,0,0.001,KL eta=eps,cold,target_eps,11,12,0,12,0.007000446319580078,0.3608935995776267,0.7650194335068776,False
ising,mixed,3,0,0.001,KL eta=eps,cold,target_eps,12,13,0,13,0.007996559143066406,0.3596499150619775,0.763966783589719,False
ising,mixed,3,0,0.001,KL eta=eps,cold,target_eps,13,14,0,14,0.00899648666381836,0.35840258574282113,0.7629074675805108,False
ising,mixed,3,0,0.001,KL eta=eps,cold,target_eps,14,15,0,15,0.00899648666381836,0.35715164599741317,0.7618414700424498,False
ising,mixed,3,0,0.001,KL eta=eps,cold,target_eps,15,16,0,16,0.009995222091674805,0.3558971309362572,0.7607687760579407,False
ising,mixed,3,0,0.001,KL eta=eps,cold,target_eps,16,17,0,17,0.01100301742553711,0.35463907640440423,0.7596893712385293,False
ising,mixed,3,0,0.001,KL eta=eps,cold,target_eps,17,18,0,18,0.012002706527709961,0.353377518807803,0.7586032415837252,False
ising,mixed,3,0,0.001,KL eta=eps,cold,target_eps,18,19,0,19,0.012002706527709961,0.35211249396147487,0.7575103724882937,False
ising,mixed,3,0,0.001,KL eta=eps,cold,target_eps,19,20,0,20,0.013000011444091797,0.3508440320662657,0.7564107443596597,False
ising,mixed,3,0,1.0,KL eta=eps,warm_matched,warmup_stage,0,3,19,3,0.0030012130737304688,3.9866694603366836e-05,0.0076072191312388515,False
ising,mixed,3,0,0.1,KL eta=eps,warm_matched,warmup_stage,1,19,19,19,0.014005899429321289,0.00038866365168662077,0.022712241101433606,False
ising,mixed,3,0,0.001,KL eta=eps,warm_matched,target_eps,0,1,19,20,0.0,0.36384597259395635,0.7670912300253129,False
ising,mixed,3,0,0.001,MD M=1,cold,target_eps,0,1,0,1,0.0011157989501953125,0.3743244687109914,0.7761635254068233,False
ising,mixed,3,0,0.001,MD M=1,cold,target_eps,1,4,0,4,0.0020830631256103516,0.37312304021707016,0.7751831535225271,False
ising,mixed,3,0,0.001,MD M=1,cold,target_eps,2,7,0,7,0.003096342086791992,0.371917638871664,0.7741963194200854,False
ising,mixed,3,0,0.001,MD M=1,cold,target_eps,3,10,0,10,0.00508427619934082,0.37070829114749526,0.7732030026449217,False
ising,mixed,3,0,0.001,MD M=1,cold,target_eps,4,13,0,13,0.006090879440307617,0.36949502422275265,0.7722031831538817,False
ising,mixed,3,0,0.001,MD M=1,cold,target_eps,5,16,0,16,0.007105350494384766,0.3682778659844989,0.771196841324901,False
ising,mixed,3,0,0.001,MD M=1,cold,target_eps,6,19,0,19,0.00806570053100586,0.36705684503188035,0.7701839579666919,False
ising,mixed,3,0,0.001,MD M=1,cold,target_eps,7,20,0,20,0.009053230285644531,0.365844763384193,0.7691643866714654,False
ising,mixed,3,0,1.0,MD M=1,warm_matched,warmup_stage,0,7,19,7,0.00403285026550293,5.294226299389201e-07,0.0007299291457479873,False
ising,mixed,3,0,0.1,MD M=1,warm_matched,warmup_stage,1,19,19,19,0.00999307632446289,0.029862392929147094,0.18367160720372516,False
ising,mixed,3,0,0.001,MD M=1,warm_matched,target_eps,0,1,19,20,0.0009586811065673828,0.41873371895767864,0.7987517353028395,False
ising,mixed,3,0,0.001,MD M=2,cold,target_eps,0,1,0,1,0.0,0.3743244687109914,0.7761635254068233,False
ising,mixed,3,0,0.001,MD M=2,cold,target_eps,1,7,0,7,0.0029947757720947266,0.3719177641594705,0.774196458230606,False
ising,mixed,3,0,0.001,MD M=2,cold,target_eps,2,13,0,13,0.005051612854003906,0.3694952807113293,0.7722034673742322,False
ising,mixed,3,0,0.001,MD M=2,cold,target_eps,3,19,0,19,0.007046699523925781,0.36705723872443896,0.7701843944156362,False
ising,mixed,3,0,0.001,MD M=2,cold,target_eps,4,20,0,20,0.007046699523925781,0.3658451586677189,0.7691648261282006,False
ising,mixed,3,0,1.0,MD M=2,warm_matched,warmup_stage,0,13,19,13,0.005046844482421875,8.256835320525562e-07,0.001088145023907916,False
ising,mixed,3,0,0.1,MD M=2,warm_matched,warmup_stage,1,19,19,19,0.008014202117919922,0.08419675784516374,0.2893652147958626,False
ising,mixed,3,0,0.001,MD M=2,warm_matched,target_eps,0,1,19,20,0.0010356903076171875,0.4981626677425349,0.8203021640150338,False
ising,mixed,3,0,0.001,MD M=5,cold,target_eps,0,1,0,1,0.0010025501251220703,0.3743244687109914,0.7761635254068233,False
ising,mixed,3,0,0.001,MD M=5,cold,target_eps,1,16,0,16,0.004918575286865234,0.3682791741066699,0.7711982873857408,False
ising,mixed,3,0,0.001,MD M=5,cold,target_eps,2,20,0,20,0.006953001022338867,0.36342320993488103,0.7671066247234567,False
ising,mixed,3,0,1.0,MD M=5,warm_matched,warmup_stage,0,17,19,17,0.00621485710144043,7.409163926734007e-07,0.0009168355865284417,False
ising,mixed,3,0,0.1,MD M=5,warm_matched,warmup_stage,1,19,19,19,0.008254528045654297,0.16615824606766322,0.3945863295378362,False
ising,mixed,3,0,0.001,MD M=5,warm_matched,target_eps,0,1,19,20,0.0009889602661132812,0.6154855677568887,0.8453151466596912,False
