small_kind,small_case,N,seed,eps,method,mode,phase,iter,local_gibbs_calls,warmup_gibbs_calls,total_gibbs_calls,time_sec,F_marg,e_tr,dual_value,converged_final
ising,mixed,3,0,0.001,KL eta=eps/N,cold,target_eps,0,1,0,1,0.0,0.3743244687109914,0.7761635254068233,-0.9603319368330046,False
ising,mixed,3,0,0.001,KL eta=eps/N,cold,target_eps,1,2,0,2,0.0,0.37392482476280436,0.7758377639446495,-0.9600161065072865,False
ising,mixed,3,0,0.001,KL eta=eps/N,cold,target_eps,2,3,0,3,0.0010688304901123047,0.3735247386491817,0.7755112876448103,-0.9597007373628096,False
ising,mixed,3,0,0.001,KL eta=eps/N,cold,target_eps,3,4,0,4,0.0020515918731689453,0.3731242113229874,0.7751840957388162,-0.9593858294114406,False
ising,mixed,3,0,0.001,KL eta=eps/N,cold,target_eps,4,5,0,5,0.003063678741455078,0.3727232437456949,0.7748561874630828,-0.9590713826638502,False
ising,mixed,3,0,0.001,KL eta=eps/N,cold,target_eps,5,6,0,6,0.003993988037109375,0.3723218368874037,0.7745275620589668,-0.9587573971295237,False
ising,mixed,3,0,0.001,KL eta=eps/N,cold,target_eps,6,7,0,7,0.003993988037109375,0.3719199917268533,0.7741982187728091,-0.9584438728167435,False
ising,mixed,3,0,0.001,KL eta=eps/N,cold,target_eps,7,8,0,8,0.005049943923950195,0.3715177092514405,0.7738681568559744,-0.9581308097325901,False
ising,mixed,3,0,0.001,KL eta=eps/N,cold,target_eps,8,9,0,9,0.006049394607543945,0.37111499045722784,0.7735373755648852,-0.9578182078829401,False
ising,mixed,3,0,0.001,KL eta=eps/N,cold,target_eps,9,10,0,10,0.007047414779663086,0.3707118363489644,0.7732058741610682,-0.9575060672724621,False
ising,mixed,3,0,0.001,KL eta=eps/N,cold,target_eps,10,11,0,11,0.007047414779663086,0.37030824794009376,0.7728736519111882,-0.9571943879046066,False
ising,mixed,3,0,0.001,KL eta=eps/N,cold,target_eps,11,12,0,12,0.008049249649047852,0.3699042262527723,0.7725407080870916,-0.9568831697816106,False
ising,mixed,3,0,0.001,KL eta=eps/N,cold,target_eps,12,13,0,13,0.009049654006958008,0.36949977231788,0.772207041965843,-0.9565724129044864,False
ising,mixed,3,0,0.001,KL eta=eps/N,cold,target_eps,13,14,0,14,0.009049654006958008,0.3690948871750345,0.7718726528297685,-0.9562621172730247,False
ising,mixed,3,0,0.001,KL eta=eps/N,cold,target_eps,14,15,0,15,0.010050296783447266,0.3686895718726022,0.7715375399664901,-0.9559522828857837,False
ising,mixed,3,0,0.001,KL eta=eps/N,cold,target_eps,15,16,0,16,0.011064291000366211,0.36828382746771354,0.7712017026689705,-0.9556429097400885,False
ising,mixed,3,0,0.001,KL eta=eps/N,cold,target_eps,16,17,0,17,0.012048006057739258,0.36787765502627306,0.7708651402355493,-0.9553339978320295,False
ising,mixed,3,0,0.001,KL eta=eps/N,cold,target_eps,17,18,0,18,0.012048006057739258,0.3674710556229722,0.770527851969985,-0.9550255471564534,False
ising,mixed,3,0,0.001,KL eta=eps/N,cold,target_eps,18,19,0,19,0.013050317764282227,0.3670640303413057,0.7701898371814966,-0.9547175577069639,False
ising,mixed,3,0,0.001,KL eta=eps/N,cold,target_eps,19,20,0,20,0.014025211334228516,0.3666565802735736,0.7698510951847978,-0.9544100294759139,False
ising,mixed,3,0,1.0,KL eta=eps/N,warm_matched,warmup_stage,0,10,19,10,0.007998466491699219,4.9259672273212424e-05,0.009043352542827454,-2.2800554889476716,False
ising,mixed,3,0,0.1,KL eta=eps/N,warm_matched,warmup_stage,1,19,19,19,0.014001131057739258,0.04965992140747974,0.22929836119698704,-1.0257636530368783,False
ising,mixed,3,0,0.001,KL eta=eps/N,warm_matched,target_eps,0,1,19,20,0.0,0.45296033379778794,0.8115459589925472,-0.9679462043397076,False
ising,mixed,3,0,0.001,KL eta=eps,cold,target_eps,0,1,0,1,0.0,0.3743244687109914,0.7761635254068233,-0.9603319368330046,False
ising,mixed,3,0,0.001,KL eta=eps,cold,target_eps,1,2,0,2,0.0,0.37312293815389386,0.7751830450948434,-0.9593848467866204,False
ising,mixed,3,0,0.001,KL eta=eps,cold,target_eps,2,3,0,3,0.0010085105895996094,0.37191743245857645,0.7741960999337009,-0.9584419132173662,False
ising,mixed,3,0,0.001,KL eta=eps,cold,target_eps,3,4,0,4,0.0020020008087158203,0.3707079780808028,0.773202669426952,-0.9575031363883355,False
ising,mixed,3,0,0.001,KL eta=eps,cold,target_eps,4,5,0,5,0.0020020008087158203,0.36949460218210345,0.772202733489265,-0.9565685164647758,False
ising,mixed,3,0,0.001,KL eta=eps,cold,target_eps,5,6,0,6,0.003010272979736328,0.3682773326331739,0.7711962724560802,-0.9556380535131257,False
ising,mixed,3,0,0.001,KL eta=eps,cold,target_eps,6,7,0,7,0.0040111541748046875,0.3670561980171075,0.7701832670933084,-0.9547117475000405,False
ising,mixed,3,0,0.001,KL eta=eps,cold,target_eps,7,8,0,8,0.005005598068237305,0.3658312276324731,0.7691636986070871,-0.9537895982914405,False
ising,mixed,3,0,0.001,KL eta=eps,cold,target_eps,8,9,0,9,0.005005598068237305,0.36460245149619197,0.7681375486535547,-0.9528716056515428,False
ising,mixed,3,0,0.001,KL eta=eps,cold,target_eps,9,10,0,10,0.006006956100463867,0.3633699003462547,0.767104799348671,-0.9519577692419153,False
ising,mixed,3,0,0.001,KL eta=eps,cold,target_eps,10,11,0,11,0.007003068923950195,0.36213360564423525,0.7660654332780588,-0.9510480886205311,False
ising,mixed,3,0,0.001,KL eta=eps,cold,target_eps,11,12,0,12,0.00800943374633789,0.3608935995776267,0.7650194335068776,-0.9501425632408217,False
ising,mixed,3,0,0.001,KL eta=eps,cold,target_eps,12,13,0,13,0.00800943374633789,0.3596499150619775,0.763966783589719,-0.9492411924507465,False
ising,mixed,3,0,0.001,KL eta=eps,cold,target_eps,13,14,0,14,0.009000778198242188,0.35840258574282113,0.7629074675805108,-0.9483439754918616,False
ising,mixed,3,0,0.001,KL eta=eps,cold,target_eps,14,15,0,15,0.009942770004272461,0.35715164599741317,0.7618414700424498,-0.9474509114983982,False
ising,mixed,3,0,0.001,KL eta=eps,cold,target_eps,15,16,0,16,0.009942770004272461,0.3558971309362572,0.7607687760579407,-0.9465619994963501,False
ising,mixed,3,0,0.001,KL eta=eps,cold,target_eps,16,17,0,17,0.011000871658325195,0.35463907640440423,0.7596893712385293,-0.945677238402579,False
ising,mixed,3,0,0.001,KL eta=eps,cold,target_eps,17,18,0,18,0.01200103759765625,0.353377518807803,0.7586032415837252,-0.9447966270239955,False
ising,mixed,3,0,0.001,KL eta=eps,cold,target_eps,18,19,0,19,0.01300954818725586,0.35211249396147487,0.7575103724882937,-0.9439201640575701,False
ising,mixed,3,0,0.001,KL eta=eps,cold,target_eps,19,20,0,20,0.01300954818725586,0.3508440320662657,0.7564107443596597,-0.9430478480955499,False
ising,mixed,3,0,1.0,KL eta=eps,warm_matched,warmup_stage,0,3,19,3,0.003020048141479492,3.9866694603366836e-05,0.0076072191312388515,-2.280046703827369,False
ising,mixed,3,0,0.1,KL eta=eps,warm_matched,warmup_stage,1,19,19,19,0.014979839324951172,0.00038866365168662077,0.022712241101433606,-1.0048332516573695,False
ising,mixed,3,0,0.001,KL eta=eps,warm_matched,target_eps,0,1,19,20,0.0,0.36384597259395635,0.7670912300253129,-0.9412602284282389,False
ising,mixed,3,0,0.001,MD M=1,cold,target_eps,0,1,0,1,0.0010333061218261719,0.3743244687109914,0.7761635254068233,-0.9603319368330046,False
ising,mixed,3,0,0.001,MD M=1,cold,target_eps,1,4,0,4,0.0020761489868164062,0.37312304021707016,0.7751831535225271,-0.9593848488601964,False
ising,mixed,3,0,0.001,MD M=1,cold,target_eps,2,7,0,7,0.0030024051666259766,0.371917638871664,0.7741963194200854,-0.9584419168803768,False
ising,mixed,3,0,0.001,MD M=1,cold,target_eps,3,10,0,10,0.00506591796875,0.37070829114749526,0.7732030026449217,-0.957503141149272,False
ising,mixed,3,0,0.001,MD M=1,cold,target_eps,4,13,0,13,0.006186485290527344,0.36949502422275265,0.7722031831538817,-0.9565685218247129,False
ising,mixed,3,0,0.001,MD M=1,cold,target_eps,5,16,0,16,0.0071833133697509766,0.3682778659844989,0.771196841324901,-0.9556380589656736,False
ising,mixed,3,0,0.001,MD M=1,cold,target_eps,6,19,0,19,0.009096622467041016,0.36705684503188035,0.7701839579666919,-0.9547117525313061,False
ising,mixed,3,0,0.001,MD M=1,cold,target_eps,7,20,0,20,0.009096622467041016,0.365844763384193,0.7691643866714654,-0.9537952346687679,False
ising,mixed,3,0,1.0,MD M=1,warm_matched,warmup_stage,0,7,19,7,0.004033803939819336,5.294226299389201e-07,0.0007299291457479873,-2.2799916112694305,False
ising,mixed,3,0,0.1,MD M=1,warm_matched,warmup_stage,1,19,19,19,0.009733915328979492,0.029862392929147094,0.18367160720372516,-1.0170387347645151,False
ising,mixed,3,0,0.001,MD M=1,warm_matched,target_eps,0,1,19,20,0.0009362697601318359,0.41873371895767864,0.7987517353028395,-0.9553410234013413,False
ising,mixed,3,0,0.001,MD M=2,cold,target_eps,0,1,0,1,0.0010132789611816406,0.3743244687109914,0.7761635254068233,-0.9603319368330046,False
ising,mixed,3,0,0.001,MD M=2,cold,target_eps,1,7,0,7,0.0030975341796875,0.3719177641594705,0.774196458230606,-0.9584419160003042,False
ising,mixed,3,0,0.001,MD M=2,cold,target_eps,2,13,0,13,0.005066633224487305,0.3694952807113293,0.7722034673742322,-0.9565685193809915,False
ising,mixed,3,0,0.001,MD M=2,cold,target_eps,3,19,0,19,0.007067441940307617,0.36705723872443896,0.7701843944156362,-0.9547117478202342,False
ising,mixed,3,0,0.001,MD M=2,cold,target_eps,4,20,0,20,0.008073568344116211,0.3658451586677189,0.7691648261282006,-0.9537952281833161,False
ising,mixed,3,0,1.0,MD M=2,warm_matched,warmup_stage,0,13,19,13,0.005015373229980469,8.256835320525562e-07,0.001088145023907916,-2.2799919597758467,False
ising,mixed,3,0,0.1,MD M=2,warm_matched,warmup_stage,1,19,19,19,0.007957220077514648,0.08419675784516374,0.2893652147958626,-1.0409518515036293,False
ising,mixed,3,0,0.001,MD M=2,warm_matched,target_eps,0,1,19,20,0.0010106563568115234,0.4981626677425349,0.8203021640150338,-0.9821460227562209,False
ising,mixed,3,0,0.001,MD M=5,cold,target_eps,0,1,0,1,0.0009944438934326172,0.3743244687109914,0.7761635254068233,-0.9603319368330046,False
ising,mixed,3,0,0.001,MD M=5,cold,target_eps,1,16,0,16,0.005981922149658203,0.3682791741066699,0.7711982873857408,-0.955638050733585,False
ising,mixed,3,0,0.001,MD M=5,cold,target_eps,2,20,0,20,0.00698089599609375,0.36342320993488103,0.7671066247234567,-0.9519802198472352,False
ising,mixed,3,0,1.0,MD M=5,warm_matched,warmup_stage,0,17,19,17,0.0069751739501953125,7.409163926734007e-07,0.0009168355865284417,-2.2799918407434534,False
ising,mixed,3,0,0.1,MD M=5,warm_matched,warmup_stage,1,19,19,19,0.009034872055053711,0.16615824606766322,0.3945863295378362,-1.0851272173973514,False
ising,mixed,3,0,0.001,MD M=5,warm_matched,target_eps,0,1,19,20,0.0,0.6154855677568887,0.8453151466596912,-1.0290402909490222,False
