source_file,method,status
hpc_qubit_scaling_N3N7\N3\ising_mixed_seed0_all_eps1em03.csv,L-BFGS entropy dual (fixed budget),error: AttributeError: 'Namespace' object has no attribute 'lbfgs_split_rows'
hpc_qubit_scaling_N3N7\N3\random_mixed_seed0_all_eps1em03.csv,L-BFGS entropy dual (fixed budget),error: AttributeError: 'Namespace' object has no attribute 'lbfgs_split_rows'
hpc_qubit_scaling_N3N7\N4\ising_mixed_seed0_all_eps1em03.csv,L-BFGS entropy dual (fixed budget),error: AttributeError: 'Namespace' object has no attribute 'lbfgs_split_rows'
hpc_qubit_scaling_N3N7\N4\random_mixed_seed0_all_eps1em03.csv,L-BFGS entropy dual (fixed budget),error: AttributeError: 'Namespace' object has no attribute 'lbfgs_split_rows'
hpc_qubit_scaling_N3N7\N5\ising_mixed_seed0_all_eps1em03.csv,L-BFGS entropy dual (fixed budget),error: AttributeError: 'Namespace' object has no attribute 'lbfgs_split_rows'
hpc_qubit_scaling_N3N7\N5\random_mixed_seed0_all_eps1em03.csv,L-BFGS entropy dual (fixed budget),error: AttributeError: 'Namespace' object has no attribute 'lbfgs_split_rows'
hpc_qubit_scaling_N3N7\N6\ising_mixed_seed0_all_eps1em03.csv,L-BFGS entropy dual (fixed budget),error: AttributeError: 'Namespace' object has no attribute 'lbfgs_split_rows'
hpc_qubit_scaling_N3N7\N6\random_mixed_seed0_all_eps1em03.csv,L-BFGS entropy dual (fixed budget),error: AttributeError: 'Namespace' object has no attribute 'lbfgs_split_rows'
hpc_qubit_scaling_N3N7\N7\ising_mixed_seed0_all_eps1em03.csv,L-BFGS entropy dual (fixed budget),error: AttributeError: 'Namespace' object has no attribute 'lbfgs_split_rows'
hpc_qubit_scaling_N3N7\N7\random_mixed_seed0_all_eps1em03.csv,L-BFGS entropy dual (fixed budget),error: AttributeError: 'Namespace' object has no attribute 'lbfgs_split_rows'
hpc_standard_qubit_eps_N4\cold\N4\ising_mixed_seed0_all_eps1em03.csv,L-BFGS entropy dual (fixed budget),error: AttributeError: 'Namespace' object has no attribute 'lbfgs_split_rows'
hpc_standard_qubit_eps_N4\cold\N4\ising_mixed_seed0_all_eps1em06.csv,L-BFGS entropy dual (fixed budget),error: AttributeError: 'Namespace' object has no attribute 'lbfgs_split_rows'
hpc_standard_qubit_eps_N4\cold\N4\ising_mixed_seed0_all_eps1em09.csv,L-BFGS entropy dual (fixed budget),error: AttributeError: 'Namespace' object has no attribute 'lbfgs_split_rows'
hpc_standard_qubit_eps_N4\cold\N4\ising_mixed_seed0_all_eps1em12.csv,L-BFGS entropy dual (fixed budget),error: AttributeError: 'Namespace' object has no attribute 'lbfgs_split_rows'
hpc_standard_qubit_eps_N4\cold\N4\random_mixed_seed0_all_eps1em03.csv,L-BFGS entropy dual (fixed budget),error: AttributeError: 'Namespace' object has no attribute 'lbfgs_split_rows'
hpc_standard_qubit_eps_N4\cold\N4\random_mixed_seed0_all_eps1em06.csv,L-BFGS entropy dual (fixed budget),error: AttributeError: 'Namespace' object has no attribute 'lbfgs_split_rows'
hpc_standard_qubit_eps_N4\cold\N4\random_mixed_seed0_all_eps1em09.csv,L-BFGS entropy dual (fixed budget),error: AttributeError: 'Namespace' object has no attribute 'lbfgs_split_rows'
hpc_standard_qubit_eps_N4\cold\N4\random_mixed_seed0_all_eps1em12.csv,L-BFGS entropy dual (fixed budget),error: AttributeError: 'Namespace' object has no attribute 'lbfgs_split_rows'
