Type,$\varepsilon$,Method,Start,$10^{-3}$,$10^{-4}$,Total Gibbs,final $E_{\rm tr}$
Ising,$10^{-3}$,KL $\eta=\varepsilon/N$,cold,14738,64601,64601,$10.00\times 10^{-5}$
Ising,$10^{-3}$,KL $\eta=\varepsilon/N$,warm,46401,96261,96261,$10.00\times 10^{-5}$
Ising,$10^{-3}$,KL $\eta=\varepsilon$,cold,3684,16149,16149,$10.00\times 10^{-5}$
Ising,$10^{-3}$,KL $\eta=\varepsilon$,warm,11407,23871,23871,$10.00\times 10^{-5}$
Ising,$10^{-3}$,MD $M=1$,cold,12002,37116,37116,$10.00\times 10^{-5}$
Ising,$10^{-3}$,MD $M=1$,warm,26189,51309,51309,$9.99\times 10^{-5}$
Ising,$10^{-3}$,MD $M=2$,cold,12058,37132,37132,$9.99\times 10^{-5}$
Ising,$10^{-3}$,MD $M=2$,warm,23871,48934,48934,$10.00\times 10^{-5}$
Ising,$10^{-3}$,MD $M=5$,cold,12238,37190,37190,$9.99\times 10^{-5}$
Ising,$10^{-3}$,MD $M=5$,warm,19986,44910,44910,$9.99\times 10^{-5}$
Ising,$10^{-6}$,KL $\eta=\varepsilon/N$,cold,--,--,100000,$2.17\times 10^{-1}$
Ising,$10^{-6}$,KL $\eta=\varepsilon/N$,warm,--,--,100000,$1.01\times 10^{-2}$
Ising,$10^{-6}$,KL $\eta=\varepsilon$,cold,--,--,100000,$1.86\times 10^{-1}$
Ising,$10^{-6}$,KL $\eta=\varepsilon$,warm,--,--,100000,$8.90\times 10^{-3}$
Ising,$10^{-6}$,MD $M=1$,cold,--,--,100000,$2.17\times 10^{-1}$
Ising,$10^{-6}$,MD $M=1$,warm,--,--,100000,$9.97\times 10^{-3}$
Ising,$10^{-6}$,MD $M=2$,cold,--,--,100000,$2.17\times 10^{-1}$
Ising,$10^{-6}$,MD $M=2$,warm,--,--,100000,$9.84\times 10^{-3}$
Ising,$10^{-6}$,MD $M=5$,cold,--,--,100000,$2.17\times 10^{-1}$
Ising,$10^{-6}$,MD $M=5$,warm,--,--,100000,$9.35\times 10^{-3}$
Ising,$10^{-9}$,KL $\eta=\varepsilon/N$,cold,--,--,100000,$2.33\times 10^{-1}$
Ising,$10^{-9}$,KL $\eta=\varepsilon/N$,warm,--,--,100000,$1.06\times 10^{-2}$
Ising,$10^{-9}$,KL $\eta=\varepsilon$,cold,--,--,100000,$2.33\times 10^{-1}$
Ising,$10^{-9}$,KL $\eta=\varepsilon$,warm,--,--,100000,$1.06\times 10^{-2}$
Ising,$10^{-9}$,MD $M=1$,cold,--,--,100000,$2.33\times 10^{-1}$
Ising,$10^{-9}$,MD $M=1$,warm,--,--,100000,$1.05\times 10^{-2}$
Ising,$10^{-9}$,MD $M=2$,cold,--,--,100000,$2.33\times 10^{-1}$
Ising,$10^{-9}$,MD $M=2$,warm,--,--,100000,$1.04\times 10^{-2}$
Ising,$10^{-9}$,MD $M=5$,cold,--,--,100000,$2.33\times 10^{-1}$
Ising,$10^{-9}$,MD $M=5$,warm,--,--,100000,$1.00\times 10^{-2}$
Ising,$10^{-12}$,KL $\eta=\varepsilon/N$,cold,--,--,100000,$2.33\times 10^{-1}$
Ising,$10^{-12}$,KL $\eta=\varepsilon/N$,warm,--,--,100000,$1.05\times 10^{-2}$
Ising,$10^{-12}$,KL $\eta=\varepsilon$,cold,--,--,100000,$2.33\times 10^{-1}$
Ising,$10^{-12}$,KL $\eta=\varepsilon$,warm,--,--,100000,$1.06\times 10^{-2}$
Ising,$10^{-12}$,MD $M=1$,cold,--,--,100000,$2.33\times 10^{-1}$
Ising,$10^{-12}$,MD $M=1$,warm,--,--,100000,$1.04\times 10^{-2}$
Ising,$10^{-12}$,MD $M=2$,cold,--,--,100000,$2.33\times 10^{-1}$
Ising,$10^{-12}$,MD $M=2$,warm,--,--,100000,$1.04\times 10^{-2}$
Ising,$10^{-12}$,MD $M=5$,cold,--,--,100000,$2.33\times 10^{-1}$
Ising,$10^{-12}$,MD $M=5$,warm,--,--,100000,$1.03\times 10^{-2}$
Random,$10^{-3}$,KL $\eta=\varepsilon/N$,cold,13274,22859,22859,$10.00\times 10^{-5}$
Random,$10^{-3}$,KL $\eta=\varepsilon/N$,warm,10457,21798,21798,$10.00\times 10^{-5}$
Random,$10^{-3}$,KL $\eta=\varepsilon$,cold,3318,5715,5715,$9.99\times 10^{-5}$
Random,$10^{-3}$,KL $\eta=\varepsilon$,warm,2616,5451,5451,$9.99\times 10^{-5}$
Random,$10^{-3}$,MD $M=1$,cold,11997,18528,18528,$9.96\times 10^{-5}$
Random,$10^{-3}$,MD $M=1$,warm,9320,18782,18782,$9.96\times 10^{-5}$
Random,$10^{-3}$,MD $M=2$,cold,12601,18699,18699,$9.91\times 10^{-5}$
Random,$10^{-3}$,MD $M=2$,warm,8852,17936,17936,$9.98\times 10^{-5}$
Random,$10^{-3}$,MD $M=5$,cold,14961,18732,18732,$9.96\times 10^{-5}$
Random,$10^{-3}$,MD $M=5$,warm,7444,14193,14193,$9.97\times 10^{-5}$
Random,$10^{-6}$,KL $\eta=\varepsilon/N$,cold,--,--,100000,$5.73\times 10^{-1}$
Random,$10^{-6}$,KL $\eta=\varepsilon/N$,warm,--,--,100000,$8.39\times 10^{-3}$
Random,$10^{-6}$,KL $\eta=\varepsilon$,cold,--,--,100000,$4.48\times 10^{-1}$
Random,$10^{-6}$,KL $\eta=\varepsilon$,warm,--,--,100000,$7.71\times 10^{-3}$
Random,$10^{-6}$,MD $M=1$,cold,--,--,100000,$5.73\times 10^{-1}$
Random,$10^{-6}$,MD $M=1$,warm,--,--,100000,$8.15\times 10^{-3}$
Random,$10^{-6}$,MD $M=2$,cold,--,--,100000,$5.73\times 10^{-1}$
Random,$10^{-6}$,MD $M=2$,warm,--,--,100000,$7.77\times 10^{-3}$
Random,$10^{-6}$,MD $M=5$,cold,--,--,100000,$5.73\times 10^{-1}$
Random,$10^{-6}$,MD $M=5$,warm,--,--,100000,$6.59\times 10^{-3}$
Random,$10^{-9}$,KL $\eta=\varepsilon/N$,cold,--,--,100000,$6.04\times 10^{-1}$
Random,$10^{-9}$,KL $\eta=\varepsilon/N$,warm,--,--,100000,$8.88\times 10^{-3}$
Random,$10^{-9}$,KL $\eta=\varepsilon$,cold,--,--,100000,$6.04\times 10^{-1}$
Random,$10^{-9}$,KL $\eta=\varepsilon$,warm,--,--,100000,$8.88\times 10^{-3}$
Random,$10^{-9}$,MD $M=1$,cold,--,--,100000,$6.04\times 10^{-1}$
Random,$10^{-9}$,MD $M=1$,warm,--,--,100000,$8.70\times 10^{-3}$
Random,$10^{-9}$,MD $M=2$,cold,--,--,100000,$6.04\times 10^{-1}$
Random,$10^{-9}$,MD $M=2$,warm,--,--,100000,$8.36\times 10^{-3}$
Random,$10^{-9}$,MD $M=5$,cold,--,--,100000,$6.04\times 10^{-1}$
Random,$10^{-9}$,MD $M=5$,warm,--,--,100000,$8.83\times 10^{-3}$
Random,$10^{-12}$,KL $\eta=\varepsilon/N$,cold,--,--,100000,$6.04\times 10^{-1}$
Random,$10^{-12}$,KL $\eta=\varepsilon/N$,warm,--,--,100000,$8.88\times 10^{-3}$
Random,$10^{-12}$,KL $\eta=\varepsilon$,cold,--,--,100000,$6.04\times 10^{-1}$
Random,$10^{-12}$,KL $\eta=\varepsilon$,warm,--,--,100000,$8.80\times 10^{-3}$
Random,$10^{-12}$,MD $M=1$,cold,--,--,100000,$6.04\times 10^{-1}$
Random,$10^{-12}$,MD $M=1$,warm,--,--,100000,$8.59\times 10^{-3}$
Random,$10^{-12}$,MD $M=2$,cold,--,--,100000,$6.04\times 10^{-1}$
Random,$10^{-12}$,MD $M=2$,warm,--,--,100000,$8.76\times 10^{-3}$
Random,$10^{-12}$,MD $M=5$,cold,--,--,100000,$6.04\times 10^{-1}$
Random,$10^{-12}$,MD $M=5$,warm,--,--,100000,$8.03\times 10^{-3}$
